ISO-10303-21;
HEADER;
FILE_DESCRIPTION (( 'STEP AP214' ),
    '1' );
FILE_NAME ('usbc.STEP',
    '2025-12-08T13:00:40',
    ( '' ),
    ( '' ),
    'SwSTEP 2.0',
    'SolidWorks 2025',
    '' );
FILE_SCHEMA (( 'AUTOMOTIVE_DESIGN' ));
ENDSEC;

DATA;
#1 = ORIENTED_EDGE ( 'NONE', *, *, #624, .T. ) ;
#2 = PLANE ( 'NONE',  #2085 ) ;
#3 = ORIENTED_EDGE ( 'NONE', *, *, #1826, .T. ) ;
#4 = SURFACE_STYLE_USAGE ( .BOTH. , #192 ) ;
#5 = EDGE_CURVE ( 'NONE', #666, #469, #1906, .T. ) ;
#6 = LINE ( 'NONE', #182, #264 ) ;
#7 = FILL_AREA_STYLE ('',( #1288 ) ) ;
#8 = CARTESIAN_POINT ( 'NONE',  ( 4.169999999999999929, 0.8686815542763590692, 1.725813553570450631 ) ) ;
#9 = ADVANCED_FACE ( 'NONE', ( #1085 ), #715, .F. ) ;
#10 = FILL_AREA_STYLE ('',( #881 ) ) ;
#11 = LINE ( 'NONE', #2105, #1292 ) ;
#12 = VERTEX_POINT ( 'NONE', #440 ) ;
#13 = SURFACE_SIDE_STYLE ('',( #887 ) ) ;
#14 = STYLED_ITEM ( 'NONE', ( #639 ), #378 ) ;
#15 =( LENGTH_UNIT ( ) NAMED_UNIT ( * ) SI_UNIT ( .MILLI., .METRE. ) );
#16 = CARTESIAN_POINT ( 'NONE',  ( 4.769999999999999574, -2.180000000000000160, 4.330000000000000071 ) ) ;
#17 = PRESENTATION_STYLE_ASSIGNMENT (( #855 ) ) ;
#18 = DIRECTION ( 'NONE',  ( -1.000000000000000000, 0.000000000000000000, 0.000000000000000000 ) ) ;
#19 =( NAMED_UNIT ( * ) SI_UNIT ( $, .STERADIAN. ) SOLID_ANGLE_UNIT ( ) );
#20 = AXIS2_PLACEMENT_3D ( 'NONE', #260, #583, #251 ) ;
#21 = SURFACE_STYLE_USAGE ( .BOTH. , #1455 ) ;
#22 =( GEOMETRIC_REPRESENTATION_CONTEXT ( 3 ) GLOBAL_UNCERTAINTY_ASSIGNED_CONTEXT ( ( #480 ) ) GLOBAL_UNIT_ASSIGNED_CONTEXT ( ( #2149, #1307, #2007 ) ) REPRESENTATION_CONTEXT ( 'NONE', 'WORKASPACE' ) );
#23 =( NAMED_UNIT ( * ) PLANE_ANGLE_UNIT ( ) SI_UNIT ( $, .RADIAN. ) );
#24 = COLOUR_RGB ( '',0.8980392156862745390, 0.9176470588235293713, 0.9294117647058823817 ) ;
#25 = AXIS2_PLACEMENT_3D ( 'NONE', #1657, #452, #1336 ) ;
#26 = EDGE_LOOP ( 'NONE', ( #1730, #585, #2129, #1944 ) ) ;
#27 = CARTESIAN_POINT ( 'NONE',  ( -4.169999999999999929, 0.000000000000000000, 0.000000000000000000 ) ) ;
#28 = AXIS2_PLACEMENT_3D ( 'NONE', #2031, #2184, #1675 ) ;
#29 = FILL_AREA_STYLE_COLOUR ( '', #2206 ) ;
#30 = CARTESIAN_POINT ( 'NONE',  ( -2.890000000000000124, -1.880000000000000338, 1.320000000000000062 ) ) ;
#31 = DIRECTION ( 'NONE',  ( 1.000000000000000000, 0.000000000000000000, 0.000000000000000000 ) ) ;
#32 = FACE_OUTER_BOUND ( 'NONE', #268, .T. ) ;
#33 = DIRECTION ( 'NONE',  ( -0.000000000000000000, -0.000000000000000000, -1.000000000000000000 ) ) ;
#34 = DIRECTION ( 'NONE',  ( -0.000000000000000000, 3.011672701348622990E-16, 1.000000000000000000 ) ) ;
#35 = ORIENTED_EDGE ( 'NONE', *, *, #134, .F. ) ;
#36 = DIRECTION ( 'NONE',  ( -0.000000000000000000, 1.000000000000000000, 0.000000000000000000 ) ) ;
#37 = DIRECTION ( 'NONE',  ( 0.000000000000000000, -3.011672701348623483E-16, -1.000000000000000000 ) ) ;
#38 = LINE ( 'NONE', #702, #965 ) ;
#39 = PRESENTATION_LAYER_ASSIGNMENT (  '', '', ( #1960 ) ) ;
#40 = CIRCLE ( 'NONE', #775, 1.880000000000000115 ) ;
#41 = PRESENTATION_STYLE_ASSIGNMENT (( #1829 ) ) ;
#42 = MECHANICAL_DESIGN_GEOMETRIC_PRESENTATION_REPRESENTATION (  '', ( #617 ), #1897 ) ;
#43 = FILL_AREA_STYLE_COLOUR ( '', #1352 ) ;
#44 = CARTESIAN_POINT ( 'NONE',  ( 4.169999999999999929, -1.376953158244680342, 7.349999999999999645 ) ) ;
#45 = AXIS2_PLACEMENT_3D ( 'NONE', #285, #2072, #1717 ) ;
#46 = VERTEX_POINT ( 'NONE', #1797 ) ;
#47 = CARTESIAN_POINT ( 'NONE',  ( 2.745000000000000551, 4.943996045045865550E-16, 7.349999999999999645 ) ) ;
#48 = LINE ( 'NONE', #92, #678 ) ;
#49 = VECTOR ( 'NONE', #375, 1000.000000000000000 ) ;
#50 = DIRECTION ( 'NONE',  ( 1.000000000000000000, 0.000000000000000000, 0.000000000000000000 ) ) ;
#51 = DIRECTION ( 'NONE',  ( 0.000000000000000000, 0.000000000000000000, 1.000000000000000000 ) ) ;
#52 = UNCERTAINTY_MEASURE_WITH_UNIT (LENGTH_MEASURE( 1.000000000000000082E-05 ), #299, 'distance_accuracy_value', 'NONE');
#53 = SURFACE_STYLE_FILL_AREA ( #1637 ) ;
#54 = CARTESIAN_POINT ( 'NONE',  ( 2.889999999999999236, -1.279999999999999138, 7.349999999999999645 ) ) ;
#55 = CARTESIAN_POINT ( 'NONE',  ( 4.169999999999999929, -2.029999999999999805, 1.700000000000000622 ) ) ;
#56 = ADVANCED_FACE ( 'NONE', ( #2132 ), #1333, .F. ) ;
#57 = PRESENTATION_LAYER_ASSIGNMENT (  '', '', ( #632 ) ) ;
#58 = EDGE_LOOP ( 'NONE', ( #1533, #1704, #219, #1956 ) ) ;
#59 = CARTESIAN_POINT ( 'NONE',  ( 2.889999999999999236, -1.880000000000000115, 7.349999999999999645 ) ) ;
#60 =( GEOMETRIC_REPRESENTATION_CONTEXT ( 3 ) GLOBAL_UNCERTAINTY_ASSIGNED_CONTEXT ( ( #928 ) ) GLOBAL_UNIT_ASSIGNED_CONTEXT ( ( #2221, #1514, #1006 ) ) REPRESENTATION_CONTEXT ( 'NONE', 'WORKASPACE' ) );
#61 = EDGE_CURVE ( 'NONE', #660, #2163, #48, .T. ) ;
#62 = VECTOR ( 'NONE', #1994, 1000.000000000000000 ) ;
#63 =( NAMED_UNIT ( * ) SI_UNIT ( $, .STERADIAN. ) SOLID_ANGLE_UNIT ( ) );
#64 = EDGE_CURVE ( 'NONE', #635, #1133, #221, .T. ) ;
#65 = ORIENTED_EDGE ( 'NONE', *, *, #496, .T. ) ;
#66 =( GEOMETRIC_REPRESENTATION_CONTEXT ( 3 ) GLOBAL_UNCERTAINTY_ASSIGNED_CONTEXT ( ( #1141 ) ) GLOBAL_UNIT_ASSIGNED_CONTEXT ( ( #1664, #249, #1118 ) ) REPRESENTATION_CONTEXT ( 'NONE', 'WORKASPACE' ) );
#67 = LINE ( 'NONE', #786, #62 ) ;
#68 = DIRECTION ( 'NONE',  ( 0.000000000000000000, -1.000000000000000000, 4.613626265895763066E-16 ) ) ;
#69 = CARTESIAN_POINT ( 'NONE',  ( -2.889999999999999680, -1.880000000000000338, 0.000000000000000000 ) ) ;
#70 = ORIENTED_EDGE ( 'NONE', *, *, #1472, .F. ) ;
#71 = PRESENTATION_LAYER_ASSIGNMENT (  '', '', ( #185 ) ) ;
#72 = SURFACE_SIDE_STYLE ('',( #1492 ) ) ;
#73 =( GEOMETRIC_REPRESENTATION_CONTEXT ( 3 ) GLOBAL_UNCERTAINTY_ASSIGNED_CONTEXT ( ( #705 ) ) GLOBAL_UNIT_ASSIGNED_CONTEXT ( ( #1067, #1745, #2270 ) ) REPRESENTATION_CONTEXT ( 'NONE', 'WORKASPACE' ) );
#74 = EDGE_LOOP ( 'NONE', ( #1982, #65, #554, #1925 ) ) ;
#75 = UNCERTAINTY_MEASURE_WITH_UNIT (LENGTH_MEASURE( 1.000000000000000082E-05 ), #1507, 'distance_accuracy_value', 'NONE');
#76 =( NAMED_UNIT ( * ) PLANE_ANGLE_UNIT ( ) SI_UNIT ( $, .RADIAN. ) );
#77 = CARTESIAN_POINT ( 'NONE',  ( 4.169999999999999929, -1.376953158244680342, 1.700000000000000400 ) ) ;
#78 = UNCERTAINTY_MEASURE_WITH_UNIT (LENGTH_MEASURE( 1.000000000000000082E-05 ), #779, 'distance_accuracy_value', 'NONE');
#79 = EDGE_CURVE ( 'NONE', #1207, #894, #1433, .T. ) ;
#80 = CARTESIAN_POINT ( 'NONE',  ( -4.169999999999999929, 2.571758278209441957E-16, 5.729999999999999538 ) ) ;
#81 = VECTOR ( 'NONE', #1831, 1000.000000000000000 ) ;
#82 = ORIENTED_EDGE ( 'NONE', *, *, #1464, .T. ) ;
#83 =( NAMED_UNIT ( * ) SI_UNIT ( $, .STERADIAN. ) SOLID_ANGLE_UNIT ( ) );
#84 = CARTESIAN_POINT ( 'NONE',  ( 4.169999999999999929, -2.030000000000000249, 2.486033002269127176E-16 ) ) ;
#85 = CARTESIAN_POINT ( 'NONE',  ( -2.890000000000000124, -2.580000000000000515, 0.8199999999999993960 ) ) ;
#86 = VERTEX_POINT ( 'NONE', #1074 ) ;
#87 = MECHANICAL_DESIGN_GEOMETRIC_PRESENTATION_REPRESENTATION (  '', ( #1079 ), #262 ) ;
#88 = DIRECTION ( 'NONE',  ( -1.000000000000000000, 0.000000000000000000, -0.000000000000000000 ) ) ;
#89 = FACE_OUTER_BOUND ( 'NONE', #1752, .T. ) ;
#90 = PRODUCT_DEFINITION ( 'UNKNOWN', '', #1599, #1941 ) ;
#91 = CARTESIAN_POINT ( 'NONE',  ( 2.889999999999999680, 2.586369445532682231E-16, 1.399999999999999911 ) ) ;
#92 = CARTESIAN_POINT ( 'NONE',  ( -4.769999999999999574, 0.000000000000000000, 4.330000000000000071 ) ) ;
#93 = ORIENTED_EDGE ( 'NONE', *, *, #1531, .T. ) ;
#94 = DIRECTION ( 'NONE',  ( -0.000000000000000000, -0.000000000000000000, -1.000000000000000000 ) ) ;
#95 = PRESENTATION_LAYER_ASSIGNMENT (  '', '', ( #515 ) ) ;
#96 = SURFACE_SIDE_STYLE ('',( #1991 ) ) ;
#97 = COLOUR_RGB ( '',0.05882352941176470507, 0.05882352941176470507, 0.05882352941176470507 ) ;
#98 = ORIENTED_EDGE ( 'NONE', *, *, #225, .T. ) ;
#99 = FILL_AREA_STYLE_COLOUR ( '', #2050 ) ;
#100 = VERTEX_POINT ( 'NONE', #1630 ) ;
#101 = PRESENTATION_LAYER_ASSIGNMENT (  '', '', ( #1166 ) ) ;
#102 = CARTESIAN_POINT ( 'NONE',  ( 2.745000000000000551, 0.6000000000000004219, 14.14677129231225727 ) ) ;
#103 = ADVANCED_FACE ( 'NONE', ( #888 ), #2121, .T. ) ;
#104 = CIRCLE ( 'NONE', #2118, 0.6000000000000003109 ) ;
#105 = SURFACE_STYLE_USAGE ( .BOTH. , #1383 ) ;
#106 = UNCERTAINTY_MEASURE_WITH_UNIT (LENGTH_MEASURE( 1.000000000000000082E-05 ), #1121, 'distance_accuracy_value', 'NONE');
#107 = CIRCLE ( 'NONE', #2122, 0.2500000000000002220 ) ;
#108 = DIRECTION ( 'NONE',  ( -0.000000000000000000, 1.000000000000000000, -0.000000000000000000 ) ) ;
#109 = ORIENTED_EDGE ( 'NONE', *, *, #1848, .F. ) ;
#110 = SURFACE_STYLE_FILL_AREA ( #982 ) ;
#111 = ADVANCED_FACE ( 'NONE', ( #140 ), #1527, .T. ) ;
#112 = CARTESIAN_POINT ( 'NONE',  ( 2.890000000000000124, -1.880000000000000338, 0.8199999999999993960 ) ) ;
#113 = ORIENTED_EDGE ( 'NONE', *, *, #61, .T. ) ;
#114 = CARTESIAN_POINT ( 'NONE',  ( 2.889999999999999236, -1.880000000000000115, 7.349999999999999645 ) ) ;
#115 = LINE ( 'NONE', #80, #348 ) ;
#116 = STYLED_ITEM ( 'NONE', ( #1123 ), #1020 ) ;
#117 = PRESENTATION_STYLE_ASSIGNMENT (( #239 ) ) ;
#118 = AXIS2_PLACEMENT_3D ( 'NONE', #508, #18, #1946 ) ;
#119 = COLOUR_RGB ( '',0.8980392156862745390, 0.9176470588235293713, 0.9294117647058823817 ) ;
#120 = ORIENTED_EDGE ( 'NONE', *, *, #2052, .T. ) ;
#121 = CARTESIAN_POINT ( 'NONE',  ( -2.745000000000000551, -3.588743329438985007E-16, 14.14677129231225727 ) ) ;
#122 = ORIENTED_EDGE ( 'NONE', *, *, #2010, .T. ) ;
#123 = DIRECTION ( 'NONE',  ( -0.000000000000000000, -0.000000000000000000, -1.000000000000000000 ) ) ;
#124 =( NAMED_UNIT ( * ) SI_UNIT ( $, .STERADIAN. ) SOLID_ANGLE_UNIT ( ) );
#125 = SURFACE_SIDE_STYLE ('',( #2081 ) ) ;
#126 = CARTESIAN_POINT ( 'NONE',  ( 2.745000000000000551, -0.5999999999999998668, 7.349999999999999645 ) ) ;
#127 =( GEOMETRIC_REPRESENTATION_CONTEXT ( 3 ) GLOBAL_UNCERTAINTY_ASSIGNED_CONTEXT ( ( #78 ) ) GLOBAL_UNIT_ASSIGNED_CONTEXT ( ( #779, #2176, #1833 ) ) REPRESENTATION_CONTEXT ( 'NONE', 'WORKASPACE' ) );
#128 = ORIENTED_EDGE ( 'NONE', *, *, #1769, .F. ) ;
#129 = ORIENTED_EDGE ( 'NONE', *, *, #1446, .T. ) ;
#130 = ADVANCED_FACE ( 'NONE', ( #1710 ), #252, .T. ) ;
#131 = AXIS2_PLACEMENT_3D ( 'NONE', #560, #1792, #205 ) ;
#132 = VERTEX_POINT ( 'NONE', #126 ) ;
#133 = AXIS2_PLACEMENT_3D ( 'NONE', #851, #658, #1205 ) ;
#134 = EDGE_CURVE ( 'NONE', #1014, #2119, #2166, .T. ) ;
#135 = FACE_BOUND ( 'NONE', #1422, .T. ) ;
#136 =( LENGTH_UNIT ( ) NAMED_UNIT ( * ) SI_UNIT ( .MILLI., .METRE. ) );
#137 = CIRCLE ( 'NONE', #1685, 0.2500000000000003331 ) ;
#138 = CARTESIAN_POINT ( 'NONE',  ( 4.169999999999999929, -1.880000000000000338, 2.302335982397024848E-16 ) ) ;
#139 =( GEOMETRIC_REPRESENTATION_CONTEXT ( 3 ) GLOBAL_UNCERTAINTY_ASSIGNED_CONTEXT ( ( #662 ) ) GLOBAL_UNIT_ASSIGNED_CONTEXT ( ( #1056, #23, #1278 ) ) REPRESENTATION_CONTEXT ( 'NONE', 'WORKASPACE' ) );
#140 = FACE_OUTER_BOUND ( 'NONE', #954, .T. ) ;
#141 = SURFACE_SIDE_STYLE ('',( #291 ) ) ;
#142 = DIRECTION ( 'NONE',  ( -1.000000000000000000, 0.000000000000000000, 0.000000000000000000 ) ) ;
#143 = DIRECTION ( 'NONE',  ( 0.000000000000000000, 0.000000000000000000, 1.000000000000000000 ) ) ;
#144 = ORIENTED_EDGE ( 'NONE', *, *, #1500, .T. ) ;
#145 = FACE_OUTER_BOUND ( 'NONE', #594, .T. ) ;
#146 = ORIENTED_EDGE ( 'NONE', *, *, #1114, .T. ) ;
#147 = UNCERTAINTY_MEASURE_WITH_UNIT (LENGTH_MEASURE( 1.000000000000000082E-05 ), #1209, 'distance_accuracy_value', 'NONE');
#148 = DIRECTION ( 'NONE',  ( 0.000000000000000000, 0.000000000000000000, 1.000000000000000000 ) ) ;
#149 = DIRECTION ( 'NONE',  ( -0.000000000000000000, -0.000000000000000000, -1.000000000000000000 ) ) ;
#150 = VECTOR ( 'NONE', #557, 1000.000000000000000 ) ;
#151 =( NAMED_UNIT ( * ) SI_UNIT ( $, .STERADIAN. ) SOLID_ANGLE_UNIT ( ) );
#152 = DIRECTION ( 'NONE',  ( -1.000000000000000000, 0.000000000000000000, 0.000000000000000000 ) ) ;
#153 = ADVANCED_FACE ( 'NONE', ( #1222 ), #162, .T. ) ;
#154 = VERTEX_POINT ( 'NONE', #1790 ) ;
#155 = STYLED_ITEM ( 'NONE', ( #216 ), #1139 ) ;
#156 = ORIENTED_EDGE ( 'NONE', *, *, #1192, .F. ) ;
#157 = PRESENTATION_STYLE_ASSIGNMENT (( #2088 ) ) ;
#158 = EDGE_LOOP ( 'NONE', ( #2217, #551, #1670, #823 ) ) ;
#159 = AXIS2_PLACEMENT_3D ( 'NONE', #1959, #2102, #869 ) ;
#160 = SURFACE_STYLE_FILL_AREA ( #2210 ) ;
#161 = CARTESIAN_POINT ( 'NONE',  ( 4.769999999999999574, 2.571758278209441957E-16, 5.729999999999999538 ) ) ;
#162 = PLANE ( 'NONE',  #431 ) ;
#163 = LINE ( 'NONE', #2084, #1229 ) ;
#164 = EDGE_LOOP ( 'NONE', ( #307, #850, #1659, #1559 ) ) ;
#165 = VERTEX_POINT ( 'NONE', #510 ) ;
#166 = DIRECTION ( 'NONE',  ( 0.000000000000000000, -1.000000000000000000, 0.000000000000000000 ) ) ;
#167 = ORIENTED_EDGE ( 'NONE', *, *, #1063, .F. ) ;
#168 = STYLED_ITEM ( 'NONE', ( #1760 ), #2170 ) ;
#169 = ADVANCED_FACE ( 'NONE', ( #1766, #1919, #720 ), #186, .F. ) ;
#170 = LINE ( 'NONE', #2268, #847 ) ;
#171 = AXIS2_PLACEMENT_3D ( 'NONE', #121, #274, #2047 ) ;
#172 = AXIS2_PLACEMENT_3D ( 'NONE', #1088, #927, #1140 ) ;
#173 = UNCERTAINTY_MEASURE_WITH_UNIT (LENGTH_MEASURE( 1.000000000000000082E-05 ), #791, 'distance_accuracy_value', 'NONE');
#174 =( NAMED_UNIT ( * ) PLANE_ANGLE_UNIT ( ) SI_UNIT ( $, .RADIAN. ) );
#175 = PRESENTATION_LAYER_ASSIGNMENT (  '', '', ( #1132 ) ) ;
#176 = COLOUR_RGB ( '',0.8980392156862745390, 0.9176470588235293713, 0.9294117647058823817 ) ;
#177 = ORIENTED_EDGE ( 'NONE', *, *, #1876, .F. ) ;
#178 = CARTESIAN_POINT ( 'NONE',  ( -2.889999999999999680, 2.594025392345131626E-16, 7.349999999999999645 ) ) ;
#179 = ORIENTED_EDGE ( 'NONE', *, *, #1673, .T. ) ;
#180 = PLANE ( 'NONE',  #1070 ) ;
#181 = EDGE_CURVE ( 'NONE', #647, #1279, #1508, .T. ) ;
#182 = CARTESIAN_POINT ( 'NONE',  ( 4.169999999999999929, -1.880000000000000338, 5.729999999999999538 ) ) ;
#183 = FILL_AREA_STYLE ('',( #1437 ) ) ;
#184 =( NAMED_UNIT ( * ) PLANE_ANGLE_UNIT ( ) SI_UNIT ( $, .RADIAN. ) );
#185 = STYLED_ITEM ( 'NONE', ( #2247 ), #111 ) ;
#186 = PLANE ( 'NONE',  #608 ) ;
#187 = CYLINDRICAL_SURFACE ( 'NONE', #1930, 0.2500000000000002220 ) ;
#188 =( NAMED_UNIT ( * ) SI_UNIT ( $, .STERADIAN. ) SOLID_ANGLE_UNIT ( ) );
#189 = ORIENTED_EDGE ( 'NONE', *, *, #2188, .T. ) ;
#190 = ORIENTED_EDGE ( 'NONE', *, *, #1938, .T. ) ;
#191 = PRESENTATION_LAYER_ASSIGNMENT (  '', '', ( #1189 ) ) ;
#192 = SURFACE_SIDE_STYLE ('',( #1581 ) ) ;
#193 = AXIS2_PLACEMENT_3D ( 'NONE', #2150, #916, #68 ) ;
#194 = DIRECTION ( 'NONE',  ( 0.000000000000000000, 0.000000000000000000, -1.000000000000000000 ) ) ;
#195 = AXIS2_PLACEMENT_3D ( 'NONE', #2065, #148, #460 ) ;
#196 = CIRCLE ( 'NONE', #1040, 1.279999999999999361 ) ;
#197 = LINE ( 'NONE', #44, #1877 ) ;
#198 = ORIENTED_EDGE ( 'NONE', *, *, #1300, .F. ) ;
#199 = SURFACE_STYLE_FILL_AREA ( #1954 ) ;
#200 = EDGE_CURVE ( 'NONE', #647, #1014, #414, .T. ) ;
#201 = DIRECTION ( 'NONE',  ( 0.000000000000000000, 0.000000000000000000, 1.000000000000000000 ) ) ;
#202 = EDGE_CURVE ( 'NONE', #165, #484, #957, .T. ) ;
#203 = AXIS2_PLACEMENT_3D ( 'NONE', #1915, #763, #1477 ) ;
#204 = EDGE_CURVE ( 'NONE', #2095, #853, #1663, .T. ) ;
#205 = DIRECTION ( 'NONE',  ( 0.000000000000000000, 1.000000000000000000, -4.613626265895763066E-16 ) ) ;
#206 = LINE ( 'NONE', #1428, #1689 ) ;
#207 = PRESENTATION_LAYER_ASSIGNMENT (  '', '', ( #1366 ) ) ;
#208 = ORIENTED_EDGE ( 'NONE', *, *, #1036, .F. ) ;
#209 = DIRECTION ( 'NONE',  ( -0.000000000000000000, -0.000000000000000000, -1.000000000000000000 ) ) ;
#210 = VECTOR ( 'NONE', #217, 1000.000000000000000 ) ;
#211 = DIRECTION ( 'NONE',  ( 0.000000000000000000, -1.000000000000000000, 0.000000000000000000 ) ) ;
#212 = ORIENTED_EDGE ( 'NONE', *, *, #768, .F. ) ;
#213 = UNCERTAINTY_MEASURE_WITH_UNIT (LENGTH_MEASURE( 1.000000000000000082E-05 ), #822, 'distance_accuracy_value', 'NONE');
#214 = DIRECTION ( 'NONE',  ( -1.000000000000000000, -0.000000000000000000, -0.000000000000000000 ) ) ;
#215 = FILL_AREA_STYLE ('',( #1650 ) ) ;
#216 = PRESENTATION_STYLE_ASSIGNMENT (( #1478 ) ) ;
#217 = DIRECTION ( 'NONE',  ( 1.000000000000000000, 0.000000000000000000, 0.000000000000000000 ) ) ;
#218 = STYLED_ITEM ( 'NONE', ( #2082 ), #103 ) ;
#219 = ORIENTED_EDGE ( 'NONE', *, *, #204, .T. ) ;
#220 = FILL_AREA_STYLE ('',( #238 ) ) ;
#221 = LINE ( 'NONE', #1866, #1734 ) ;
#222 = ORIENTED_EDGE ( 'NONE', *, *, #266, .F. ) ;
#223 = CIRCLE ( 'NONE', #1622, 1.279999999999999361 ) ;
#224 = COLOUR_RGB ( '',0.8980392156862745390, 0.9176470588235293713, 0.9294117647058823817 ) ;
#225 = EDGE_CURVE ( 'NONE', #1285, #284, #1538, .T. ) ;
#226 = DIRECTION ( 'NONE',  ( 0.000000000000000000, -0.000000000000000000, -1.000000000000000000 ) ) ;
#227 = DIRECTION ( 'NONE',  ( 1.000000000000000000, 0.000000000000000000, 0.000000000000000000 ) ) ;
#228 = CARTESIAN_POINT ( 'NONE',  ( -4.169999999999999041, 2.594025392345131626E-16, 7.349999999999999645 ) ) ;
#229 = VERTEX_POINT ( 'NONE', #2195 ) ;
#230 = DIRECTION ( 'NONE',  ( 0.000000000000000000, 0.000000000000000000, 1.000000000000000000 ) ) ;
#231 = DIRECTION ( 'NONE',  ( 0.000000000000000000, 0.000000000000000000, 1.000000000000000000 ) ) ;
#232 = PRODUCT ( 'usbc', 'usbc', '', ( #1821 ) ) ;
#233 = ORIENTED_EDGE ( 'NONE', *, *, #1300, .T. ) ;
#234 = UNCERTAINTY_MEASURE_WITH_UNIT (LENGTH_MEASURE( 1.000000000000000082E-05 ), #1791, 'distance_accuracy_value', 'NONE');
#235 = CARTESIAN_POINT ( 'NONE',  ( -4.169999999999999929, -2.030000000000000249, 2.486033002269127176E-16 ) ) ;
#236 = FACE_OUTER_BOUND ( 'NONE', #601, .T. ) ;
#237 = ORIENTED_EDGE ( 'NONE', *, *, #1673, .F. ) ;
#238 = FILL_AREA_STYLE_COLOUR ( '', #983 ) ;
#239 = SURFACE_STYLE_USAGE ( .BOTH. , #596 ) ;
#240 = STYLED_ITEM ( 'NONE', ( #1714 ), #1303 ) ;
#241 = EDGE_CURVE ( 'NONE', #1867, #1679, #248, .T. ) ;
#242 = VECTOR ( 'NONE', #444, 1000.000000000000000 ) ;
#243 = CARTESIAN_POINT ( 'NONE',  ( -2.889999999999999680, 1.880000000000000338, 7.349999999999999645 ) ) ;
#244 = CIRCLE ( 'NONE', #924, 0.6000000000000003109 ) ;
#245 = VECTOR ( 'NONE', #895, 1000.000000000000000 ) ;
#246 = VERTEX_POINT ( 'NONE', #761 ) ;
#247 = EDGE_CURVE ( 'NONE', #1482, #905, #865, .T. ) ;
#248 = LINE ( 'NONE', #1486, #1874 ) ;
#249 =( NAMED_UNIT ( * ) PLANE_ANGLE_UNIT ( ) SI_UNIT ( $, .RADIAN. ) );
#250 = ORIENTED_EDGE ( 'NONE', *, *, #643, .F. ) ;
#251 = DIRECTION ( 'NONE',  ( 0.000000000000000000, 0.000000000000000000, -1.000000000000000000 ) ) ;
#252 = TOROIDAL_SURFACE ( 'NONE', #533, 0.1500000000000003275, 0.1000000000000000056 ) ;
#253 = CARTESIAN_POINT ( 'NONE',  ( 2.890000000000000124, -2.580000000000000515, 1.220000000000000195 ) ) ;
#254 = ORIENTED_EDGE ( 'NONE', *, *, #200, .F. ) ;
#255 = PLANE ( 'NONE',  #1532 ) ;
#256 = CARTESIAN_POINT ( 'NONE',  ( 2.890000000000000124, -1.880000000000000338, 1.320000000000000062 ) ) ;
#257 = FILL_AREA_STYLE_COLOUR ( '', #1563 ) ;
#258 = MECHANICAL_DESIGN_GEOMETRIC_PRESENTATION_REPRESENTATION (  '', ( #1153 ), #474 ) ;
#259 = ORIENTED_EDGE ( 'NONE', *, *, #1389, .T. ) ;
#260 = CARTESIAN_POINT ( 'NONE',  ( -2.890000000000000124, -2.580000000000000515, 1.069999999999999840 ) ) ;
#261 = DIRECTION ( 'NONE',  ( 0.000000000000000000, 0.000000000000000000, -1.000000000000000000 ) ) ;
#262 =( GEOMETRIC_REPRESENTATION_CONTEXT ( 3 ) GLOBAL_UNCERTAINTY_ASSIGNED_CONTEXT ( ( #1112 ) ) GLOBAL_UNIT_ASSIGNED_CONTEXT ( ( #661, #1054, #1582 ) ) REPRESENTATION_CONTEXT ( 'NONE', 'WORKASPACE' ) );
#263 = VERTEX_POINT ( 'NONE', #1636 ) ;
#264 = VECTOR ( 'NONE', #1775, 1000.000000000000000 ) ;
#265 = LINE ( 'NONE', #1176, #2257 ) ;
#266 = EDGE_CURVE ( 'NONE', #1867, #2230, #67, .T. ) ;
#267 =( NAMED_UNIT ( * ) SI_UNIT ( $, .STERADIAN. ) SOLID_ANGLE_UNIT ( ) );
#268 = EDGE_LOOP ( 'NONE', ( #468, #1490, #254, #1655 ) ) ;
#269 = FACE_OUTER_BOUND ( 'NONE', #1447, .T. ) ;
#270 = AXIS2_PLACEMENT_3D ( 'NONE', #1817, #1091, #226 ) ;
#271 =( GEOMETRIC_REPRESENTATION_CONTEXT ( 3 ) GLOBAL_UNCERTAINTY_ASSIGNED_CONTEXT ( ( #2192 ) ) GLOBAL_UNIT_ASSIGNED_CONTEXT ( ( #987, #286, #832 ) ) REPRESENTATION_CONTEXT ( 'NONE', 'WORKASPACE' ) );
#272 = FILL_AREA_STYLE_COLOUR ( '', #1001 ) ;
#273 = PRESENTATION_LAYER_ASSIGNMENT (  '', '', ( #240 ) ) ;
#274 = DIRECTION ( 'NONE',  ( -0.000000000000000000, -0.000000000000000000, -1.000000000000000000 ) ) ;
#275 = MECHANICAL_DESIGN_GEOMETRIC_PRESENTATION_REPRESENTATION (  '', ( #2259 ), #271 ) ;
#276 = ORIENTED_EDGE ( 'NONE', *, *, #1531, .F. ) ;
#277 = CYLINDRICAL_SURFACE ( 'NONE', #1631, 0.7000000000000000666 ) ;
#278 = LINE ( 'NONE', #649, #2223 ) ;
#279 = PRESENTATION_LAYER_ASSIGNMENT (  '', '', ( #569 ) ) ;
#280 = DIRECTION ( 'NONE',  ( 1.000000000000000000, 0.000000000000000000, 0.000000000000000000 ) ) ;
#281 = CARTESIAN_POINT ( 'NONE',  ( -2.889999999999999680, 2.594025392345131626E-16, 0.000000000000000000 ) ) ;
#282 = VERTEX_POINT ( 'NONE', #77 ) ;
#283 = SURFACE_STYLE_USAGE ( .BOTH. , #1881 ) ;
#284 = VERTEX_POINT ( 'NONE', #256 ) ;
#285 = CARTESIAN_POINT ( 'NONE',  ( -4.769999999999999574, -2.030000000000000249, 0.8500000000000003109 ) ) ;
#286 =( NAMED_UNIT ( * ) PLANE_ANGLE_UNIT ( ) SI_UNIT ( $, .RADIAN. ) );
#287 = CARTESIAN_POINT ( 'NONE',  ( -4.169999999999999929, -2.029999999999999805, 1.700000000000000622 ) ) ;
#288 = EDGE_CURVE ( 'NONE', #1834, #1227, #1648, .T. ) ;
#289 = FACE_OUTER_BOUND ( 'NONE', #837, .T. ) ;
#290 = FILL_AREA_STYLE ('',( #1888 ) ) ;
#291 = SURFACE_STYLE_FILL_AREA ( #1724 ) ;
#292 = EDGE_CURVE ( 'NONE', #1279, #12, #1758, .T. ) ;
#293 = ORIENTED_EDGE ( 'NONE', *, *, #1158, .F. ) ;
#294 = FACE_OUTER_BOUND ( 'NONE', #2037, .T. ) ;
#295 = TOROIDAL_SURFACE ( 'NONE', #1961, 0.1500000000000003275, 0.1000000000000000056 ) ;
#296 = ADVANCED_FACE ( 'NONE', ( #89 ), #379, .F. ) ;
#297 = ADVANCED_FACE ( 'NONE', ( #1198 ), #798, .T. ) ;
#298 = ORIENTED_EDGE ( 'NONE', *, *, #1676, .T. ) ;
#299 =( LENGTH_UNIT ( ) NAMED_UNIT ( * ) SI_UNIT ( .MILLI., .METRE. ) );
#300 = ORIENTED_EDGE ( 'NONE', *, *, #772, .F. ) ;
#301 = CARTESIAN_POINT ( 'NONE',  ( -2.889999999999999680, 1.880000000000000338, 7.349999999999999645 ) ) ;
#302 = UNCERTAINTY_MEASURE_WITH_UNIT (LENGTH_MEASURE( 1.000000000000000082E-05 ), #838, 'distance_accuracy_value', 'NONE');
#303 =( LENGTH_UNIT ( ) NAMED_UNIT ( * ) SI_UNIT ( .MILLI., .METRE. ) );
#304 = CARTESIAN_POINT ( 'NONE',  ( -2.889999999999999680, 1.279999999999999361, 1.400000000000000133 ) ) ;
#305 = DIRECTION ( 'NONE',  ( 1.000000000000000000, 0.000000000000000000, 1.694065894508599692E-16 ) ) ;
#306 = DIRECTION ( 'NONE',  ( -1.000000000000000000, -0.000000000000000000, -0.000000000000000000 ) ) ;
#307 = ORIENTED_EDGE ( 'NONE', *, *, #292, .T. ) ;
#308 = DIRECTION ( 'NONE',  ( 0.000000000000000000, 0.000000000000000000, 1.000000000000000000 ) ) ;
#309 = FILL_AREA_STYLE ('',( #476 ) ) ;
#310 = ORIENTED_EDGE ( 'NONE', *, *, #692, .T. ) ;
#311 = SURFACE_STYLE_USAGE ( .BOTH. , #489 ) ;
#312 = AXIS2_PLACEMENT_3D ( 'NONE', #1042, #166, #2070 ) ;
#313 = EDGE_CURVE ( 'NONE', #2071, #1834, #1356, .T. ) ;
#314 = VECTOR ( 'NONE', #347, 1000.000000000000000 ) ;
#315 = ORIENTED_EDGE ( 'NONE', *, *, #1548, .F. ) ;
#316 = FILL_AREA_STYLE ('',( #2249 ) ) ;
#317 = VERTEX_POINT ( 'NONE', #1161 ) ;
#318 = CARTESIAN_POINT ( 'NONE',  ( 4.169999999999999929, 2.571758278209441957E-16, 5.729999999999999538 ) ) ;
#319 = UNCERTAINTY_MEASURE_WITH_UNIT (LENGTH_MEASURE( 1.000000000000000082E-05 ), #541, 'distance_accuracy_value', 'NONE');
#320 = CARTESIAN_POINT ( 'NONE',  ( -2.889999999999999680, 2.594025392345131626E-16, 7.349999999999999645 ) ) ;
#321 = DIRECTION ( 'NONE',  ( 1.000000000000000000, 0.000000000000000000, 0.000000000000000000 ) ) ;
#322 = DIRECTION ( 'NONE',  ( 1.000000000000000000, 0.000000000000000000, 0.000000000000000000 ) ) ;
#323 = ORIENTED_EDGE ( 'NONE', *, *, #1773, .F. ) ;
#324 = CARTESIAN_POINT ( 'NONE',  ( -4.769999999999999574, 2.594025392345131626E-16, 5.730000000000000426 ) ) ;
#325 = AXIS2_PLACEMENT_3D ( 'NONE', #2266, #340, #2109 ) ;
#326 = EDGE_LOOP ( 'NONE', ( #337, #442, #310, #1160 ) ) ;
#327 = EDGE_CURVE ( 'NONE', #1870, #246, #1873, .T. ) ;
#328 = ORIENTED_EDGE ( 'NONE', *, *, #910, .T. ) ;
#329 = CARTESIAN_POINT ( 'NONE',  ( 2.889999999999999680, 2.586369445532682231E-16, 4.330000000000000071 ) ) ;
#330 =( GEOMETRIC_REPRESENTATION_CONTEXT ( 3 ) GLOBAL_UNCERTAINTY_ASSIGNED_CONTEXT ( ( #147 ) ) GLOBAL_UNIT_ASSIGNED_CONTEXT ( ( #1209, #806, #2079 ) ) REPRESENTATION_CONTEXT ( 'NONE', 'WORKASPACE' ) );
#331 = DIRECTION ( 'NONE',  ( -0.000000000000000000, -0.000000000000000000, -1.000000000000000000 ) ) ;
#332 = CARTESIAN_POINT ( 'NONE',  ( 4.169999999999999929, 0.000000000000000000, 0.000000000000000000 ) ) ;
#333 = CARTESIAN_POINT ( 'NONE',  ( -2.889999999999999680, 1.880000000000000338, 0.000000000000000000 ) ) ;
#334 = COLOUR_RGB ( '',0.8980392156862745390, 0.9176470588235293713, 0.9294117647058823817 ) ;
#335 = EDGE_CURVE ( 'NONE', #2144, #1003, #604, .T. ) ;
#336 =( GEOMETRIC_REPRESENTATION_CONTEXT ( 3 ) GLOBAL_UNCERTAINTY_ASSIGNED_CONTEXT ( ( #1909 ) ) GLOBAL_UNIT_ASSIGNED_CONTEXT ( ( #976, #988, #124 ) ) REPRESENTATION_CONTEXT ( 'NONE', 'WORKASPACE' ) );
#337 = ORIENTED_EDGE ( 'NONE', *, *, #2171, .F. ) ;
#338 = DIRECTION ( 'NONE',  ( 1.000000000000000000, -0.000000000000000000, -0.000000000000000000 ) ) ;
#339 = EDGE_LOOP ( 'NONE', ( #1120, #408, #512, #933 ) ) ;
#340 = DIRECTION ( 'NONE',  ( 1.000000000000000000, -0.000000000000000000, -0.000000000000000000 ) ) ;
#341 = VECTOR ( 'NONE', #1102, 1000.000000000000000 ) ;
#342 = PLANE ( 'NONE',  #2138 ) ;
#343 = SURFACE_SIDE_STYLE ('',( #1234 ) ) ;
#344 = VECTOR ( 'NONE', #498, 1000.000000000000000 ) ;
#345 = DIRECTION ( 'NONE',  ( 0.000000000000000000, -1.000000000000000000, 0.000000000000000000 ) ) ;
#346 = MECHANICAL_DESIGN_GEOMETRIC_PRESENTATION_REPRESENTATION (  '', ( #1244 ), #1089 ) ;
#347 = DIRECTION ( 'NONE',  ( -0.000000000000000000, -0.000000000000000000, -1.000000000000000000 ) ) ;
#348 = VECTOR ( 'NONE', #764, 1000.000000000000000 ) ;
#349 = ORIENTED_EDGE ( 'NONE', *, *, #1513, .F. ) ;
#350 =( NAMED_UNIT ( * ) PLANE_ANGLE_UNIT ( ) SI_UNIT ( $, .RADIAN. ) );
#351 = EDGE_LOOP ( 'NONE', ( #1917, #741, #1882, #1786, #1800, #1774, #1272, #1999, #122, #1618 ) ) ;
#352 = CARTESIAN_POINT ( 'NONE',  ( -2.889999999999999680, 2.594025392345131626E-16, 0.000000000000000000 ) ) ;
#353 = SURFACE_STYLE_FILL_AREA ( #183 ) ;
#354 = PRESENTATION_STYLE_ASSIGNMENT (( #706 ) ) ;
#355 = MECHANICAL_DESIGN_GEOMETRIC_PRESENTATION_REPRESENTATION (  '', ( #185 ), #1950 ) ;
#356 = AXIS2_PLACEMENT_3D ( 'NONE', #1261, #1778, #1939 ) ;
#357 = CARTESIAN_POINT ( 'NONE',  ( -2.889999999999999680, 1.279999999999999361, 7.349999999999999645 ) ) ;
#358 = EDGE_CURVE ( 'NONE', #1061, #229, #278, .T. ) ;
#359 = ORIENTED_EDGE ( 'NONE', *, *, #1405, .T. ) ;
#360 = CARTESIAN_POINT ( 'NONE',  ( -4.769999999999999574, -2.180000000000000604, 5.029999999999999361 ) ) ;
#361 = PRESENTATION_STYLE_ASSIGNMENT (( #758 ) ) ;
#362 = EDGE_CURVE ( 'NONE', #1480, #1133, #265, .T. ) ;
#363 =( NAMED_UNIT ( * ) SI_UNIT ( $, .STERADIAN. ) SOLID_ANGLE_UNIT ( ) );
#364 = COLOUR_RGB ( '',0.8980392156862745390, 0.9176470588235293713, 0.9294117647058823817 ) ;
#365 = FILL_AREA_STYLE ('',( #29 ) ) ;
#366 =( GEOMETRIC_REPRESENTATION_CONTEXT ( 3 ) GLOBAL_UNCERTAINTY_ASSIGNED_CONTEXT ( ( #1883 ) ) GLOBAL_UNIT_ASSIGNED_CONTEXT ( ( #1835, #2024, #1030 ) ) REPRESENTATION_CONTEXT ( 'NONE', 'WORKASPACE' ) );
#367 = ORIENTED_EDGE ( 'NONE', *, *, #200, .T. ) ;
#368 = SURFACE_STYLE_USAGE ( .BOTH. , #1958 ) ;
#369 = VECTOR ( 'NONE', #50, 1000.000000000000000 ) ;
#370 = CARTESIAN_POINT ( 'NONE',  ( -2.890000000000000124, -2.580000000000000515, 1.069999999999999840 ) ) ;
#371 = LINE ( 'NONE', #1830, #341 ) ;
#372 = AXIS2_PLACEMENT_3D ( 'NONE', #2091, #1232, #1573 ) ;
#373 = ORIENTED_EDGE ( 'NONE', *, *, #2052, .F. ) ;
#374 = DIRECTION ( 'NONE',  ( -0.000000000000000000, 1.000000000000000000, -3.011672701348623483E-16 ) ) ;
#375 = DIRECTION ( 'NONE',  ( -0.000000000000000000, 1.000000000000000000, -3.011672701348622990E-16 ) ) ;
#376 = DIRECTION ( 'NONE',  ( -1.000000000000000000, 0.000000000000000000, 0.000000000000000000 ) ) ;
#377 = FILL_AREA_STYLE ('',( #545 ) ) ;
#378 = ADVANCED_FACE ( 'NONE', ( #1152 ), #1886, .F. ) ;
#379 = PLANE ( 'NONE',  #1978 ) ;
#380 = CARTESIAN_POINT ( 'NONE',  ( 2.890000000000000124, -2.580000000000000515, 1.320000000000000062 ) ) ;
#381 = MECHANICAL_DESIGN_GEOMETRIC_PRESENTATION_REPRESENTATION (  '', ( #2083 ), #1397 ) ;
#382 = SURFACE_STYLE_USAGE ( .BOTH. , #1318 ) ;
#383 = LINE ( 'NONE', #1623, #1779 ) ;
#384 = PLANE ( 'NONE',  #28 ) ;
#385 = PRESENTATION_LAYER_ASSIGNMENT (  '', '', ( #1839 ) ) ;
#386 = ORIENTED_EDGE ( 'NONE', *, *, #1211, .T. ) ;
#387 = DIRECTION ( 'NONE',  ( 0.000000000000000000, 0.000000000000000000, 1.000000000000000000 ) ) ;
#388 =( NAMED_UNIT ( * ) SI_UNIT ( $, .STERADIAN. ) SOLID_ANGLE_UNIT ( ) );
#389 = CIRCLE ( 'NONE', #795, 1.880000000000000115 ) ;
#390 = DIRECTION ( 'NONE',  ( -0.000000000000000000, 1.000000000000000000, -3.011672701348623483E-16 ) ) ;
#391 =( LENGTH_UNIT ( ) NAMED_UNIT ( * ) SI_UNIT ( .MILLI., .METRE. ) );
#392 =( NAMED_UNIT ( * ) SI_UNIT ( $, .STERADIAN. ) SOLID_ANGLE_UNIT ( ) );
#393 = CARTESIAN_POINT ( 'NONE',  ( -2.889999999999999236, -1.880000000000000338, 4.330000000000000071 ) ) ;
#394 = SURFACE_STYLE_FILL_AREA ( #739 ) ;
#395 = EDGE_LOOP ( 'NONE', ( #1390, #994, #2033, #1732, #2241 ) ) ;
#396 = FILL_AREA_STYLE_COLOUR ( '', #1984 ) ;
#397 = LINE ( 'NONE', #1845, #242 ) ;
#398 = EDGE_CURVE ( 'NONE', #1003, #2265, #740, .T. ) ;
#399 = EDGE_LOOP ( 'NONE', ( #1430, #2011, #1150, #259 ) ) ;
#400 = PRESENTATION_LAYER_ASSIGNMENT (  '', '', ( #116 ) ) ;
#401 = PRESENTATION_LAYER_ASSIGNMENT (  '', '', ( #1418 ) ) ;
#402 = DIRECTION ( 'NONE',  ( 1.000000000000000000, 0.000000000000000000, 0.000000000000000000 ) ) ;
#403 = VECTOR ( 'NONE', #1546, 1000.000000000000000 ) ;
#404 = CARTESIAN_POINT ( 'NONE',  ( 2.889999999999999680, 2.586369445532682231E-16, 7.349999999999999645 ) ) ;
#405 = EDGE_CURVE ( 'NONE', #154, #46, #2042, .T. ) ;
#406 = SURFACE_STYLE_USAGE ( .BOTH. , #1997 ) ;
#407 = VECTOR ( 'NONE', #848, 1000.000000000000000 ) ;
#408 = ORIENTED_EDGE ( 'NONE', *, *, #1955, .T. ) ;
#409 = SURFACE_SIDE_STYLE ('',( #1989 ) ) ;
#410 = LINE ( 'NONE', #1253, #1649 ) ;
#411 = EDGE_CURVE ( 'NONE', #1048, #1207, #1402, .T. ) ;
#412 = DIRECTION ( 'NONE',  ( 0.000000000000000000, -1.000000000000000000, 0.000000000000000000 ) ) ;
#413 = PRESENTATION_LAYER_ASSIGNMENT (  '', '', ( #820 ) ) ;
#414 = LINE ( 'NONE', #1840, #1183 ) ;
#415 = FILL_AREA_STYLE_COLOUR ( '', #1871 ) ;
#416 = STYLED_ITEM ( 'NONE', ( #1275 ), #2231 ) ;
#417 = SURFACE_STYLE_USAGE ( .BOTH. , #2162 ) ;
#418 = VERTEX_POINT ( 'NONE', #161 ) ;
#419 = SURFACE_SIDE_STYLE ('',( #110 ) ) ;
#420 = EDGE_CURVE ( 'NONE', #1207, #469, #6, .T. ) ;
#421 = MECHANICAL_DESIGN_GEOMETRIC_PRESENTATION_REPRESENTATION (  '', ( #1130 ), #945 ) ;
#422 = PRESENTATION_LAYER_ASSIGNMENT (  '', '', ( #1436 ) ) ;
#423 = FACE_OUTER_BOUND ( 'NONE', #395, .T. ) ;
#424 = AXIS2_PLACEMENT_3D ( 'NONE', #450, #1163, #280 ) ;
#425 = VERTEX_POINT ( 'NONE', #1936 ) ;
#426 =( LENGTH_UNIT ( ) NAMED_UNIT ( * ) SI_UNIT ( .MILLI., .METRE. ) );
#427 = CARTESIAN_POINT ( 'NONE',  ( -2.889999999999999680, -1.880000000000000338, 7.349999999999999645 ) ) ;
#428 = VERTEX_POINT ( 'NONE', #491 ) ;
#429 =( LENGTH_UNIT ( ) NAMED_UNIT ( * ) SI_UNIT ( .MILLI., .METRE. ) );
#430 =( LENGTH_UNIT ( ) NAMED_UNIT ( * ) SI_UNIT ( .MILLI., .METRE. ) );
#431 = AXIS2_PLACEMENT_3D ( 'NONE', #1948, #1417, #2104 ) ;
#432 = PRESENTATION_STYLE_ASSIGNMENT (( #1847 ) ) ;
#433 = ORIENTED_EDGE ( 'NONE', *, *, #411, .F. ) ;
#434 = SURFACE_STYLE_FILL_AREA ( #1338 ) ;
#435 = ORIENTED_EDGE ( 'NONE', *, *, #524, .F. ) ;
#436 = AXIS2_PLACEMENT_3D ( 'NONE', #1799, #211, #864 ) ;
#437 = DIRECTION ( 'NONE',  ( -1.000000000000000000, -0.000000000000000000, -3.388131789017199384E-16 ) ) ;
#438 = CARTESIAN_POINT ( 'NONE',  ( 4.169999999999999929, -2.030000000000000249, 0.8500000000000003109 ) ) ;
#439 = MECHANICAL_DESIGN_GEOMETRIC_PRESENTATION_REPRESENTATION (  '', ( #1226 ), #1822 ) ;
#440 = CARTESIAN_POINT ( 'NONE',  ( -4.169999999999999041, 2.594025392345131626E-16, 7.349999999999999645 ) ) ;
#441 = COLOUR_RGB ( '',0.8980392156862745390, 0.9176470588235293713, 0.9294117647058823817 ) ;
#442 = ORIENTED_EDGE ( 'NONE', *, *, #2098, .F. ) ;
#443 = LINE ( 'NONE', #1156, #1535 ) ;
#444 = DIRECTION ( 'NONE',  ( 1.000000000000000000, 0.000000000000000000, 0.000000000000000000 ) ) ;
#445 = CARTESIAN_POINT ( 'NONE',  ( -2.889999999999999680, 1.279999999999999361, 7.349999999999999645 ) ) ;
#446 = ORIENTED_EDGE ( 'NONE', *, *, #1814, .F. ) ;
#447 = DIRECTION ( 'NONE',  ( 0.000000000000000000, 0.000000000000000000, -1.000000000000000000 ) ) ;
#448 = FILL_AREA_STYLE ('',( #1361 ) ) ;
#449 = SURFACE_SIDE_STYLE ('',( #1899 ) ) ;
#450 = CARTESIAN_POINT ( 'NONE',  ( -2.889999999999999680, 2.594025392345131626E-16, 7.349999999999999645 ) ) ;
#451 = APPLICATION_PROTOCOL_DEFINITION ( 'draft international standard', 'automotive_design', 1998, #1098 ) ;
#452 = DIRECTION ( 'NONE',  ( -0.000000000000000000, -1.000000000000000000, -0.000000000000000000 ) ) ;
#453 = VECTOR ( 'NONE', #845, 1000.000000000000000 ) ;
#454 = MECHANICAL_DESIGN_GEOMETRIC_PRESENTATION_REPRESENTATION (  '', ( #1203 ), #2116 ) ;
#455 = FILL_AREA_STYLE ('',( #963 ) ) ;
#456 = AXIS2_PLACEMENT_3D ( 'NONE', #1115, #1274, #1852 ) ;
#457 = ORIENTED_EDGE ( 'NONE', *, *, #411, .T. ) ;
#458 =( GEOMETRIC_REPRESENTATION_CONTEXT ( 3 ) GLOBAL_UNCERTAINTY_ASSIGNED_CONTEXT ( ( #173 ) ) GLOBAL_UNIT_ASSIGNED_CONTEXT ( ( #791, #1667, #767 ) ) REPRESENTATION_CONTEXT ( 'NONE', 'WORKASPACE' ) );
#459 = UNCERTAINTY_MEASURE_WITH_UNIT (LENGTH_MEASURE( 1.000000000000000082E-05 ), #716, 'distance_accuracy_value', 'NONE');
#460 = DIRECTION ( 'NONE',  ( 1.000000000000000000, 0.000000000000000000, 0.000000000000000000 ) ) ;
#461 = COLOUR_RGB ( '',0.8980392156862745390, 0.9176470588235293713, 0.9294117647058823817 ) ;
#462 = EDGE_CURVE ( 'NONE', #894, #666, #1634, .T. ) ;
#463 = DIRECTION ( 'NONE',  ( 0.000000000000000000, -1.000000000000000000, 0.000000000000000000 ) ) ;
#464 = EDGE_CURVE ( 'NONE', #660, #853, #2124, .T. ) ;
#465 = SURFACE_SIDE_STYLE ('',( #2056 ) ) ;
#466 = DIRECTION ( 'NONE',  ( -0.000000000000000000, -0.000000000000000000, -1.000000000000000000 ) ) ;
#467 = CARTESIAN_POINT ( 'NONE',  ( -2.889999999999999680, 2.594025392345131626E-16, 7.349999999999999645 ) ) ;
#468 = ORIENTED_EDGE ( 'NONE', *, *, #1843, .T. ) ;
#469 = VERTEX_POINT ( 'NONE', #2101 ) ;
#470 = PRESENTATION_LAYER_ASSIGNMENT (  '', '', ( #1033 ) ) ;
#471 = FILL_AREA_STYLE_COLOUR ( '', #441 ) ;
#472 =( LENGTH_UNIT ( ) NAMED_UNIT ( * ) SI_UNIT ( .MILLI., .METRE. ) );
#473 = PRESENTATION_LAYER_ASSIGNMENT (  '', '', ( #1494 ) ) ;
#474 =( GEOMETRIC_REPRESENTATION_CONTEXT ( 3 ) GLOBAL_UNCERTAINTY_ASSIGNED_CONTEXT ( ( #1646 ) ) GLOBAL_UNIT_ASSIGNED_CONTEXT ( ( #718, #184, #1260 ) ) REPRESENTATION_CONTEXT ( 'NONE', 'WORKASPACE' ) );
#475 = VERTEX_POINT ( 'NONE', #679 ) ;
#476 = FILL_AREA_STYLE_COLOUR ( '', #979 ) ;
#477 = ADVANCED_FACE ( 'NONE', ( #890 ), #1065, .T. ) ;
#478 = ORIENTED_EDGE ( 'NONE', *, *, #910, .F. ) ;
#479 =( NAMED_UNIT ( * ) PLANE_ANGLE_UNIT ( ) SI_UNIT ( $, .RADIAN. ) );
#480 = UNCERTAINTY_MEASURE_WITH_UNIT (LENGTH_MEASURE( 1.000000000000000082E-05 ), #2149, 'distance_accuracy_value', 'NONE');
#481 = DIRECTION ( 'NONE',  ( -0.000000000000000000, -1.000000000000000000, -0.000000000000000000 ) ) ;
#482 =( NAMED_UNIT ( * ) SI_UNIT ( $, .STERADIAN. ) SOLID_ANGLE_UNIT ( ) );
#483 = DIRECTION ( 'NONE',  ( 0.000000000000000000, -3.011672701348622990E-16, -1.000000000000000000 ) ) ;
#484 = VERTEX_POINT ( 'NONE', #1671 ) ;
#485 = SURFACE_STYLE_USAGE ( .BOTH. , #699 ) ;
#486 = CARTESIAN_POINT ( 'NONE',  ( -4.169999999999999929, -2.029999999999999805, 1.700000000000000622 ) ) ;
#487 = AXIS2_PLACEMENT_3D ( 'NONE', #281, #308, #1239 ) ;
#488 = ORIENTED_EDGE ( 'NONE', *, *, #624, .F. ) ;
#489 = SURFACE_SIDE_STYLE ('',( #2234 ) ) ;
#490 = AXIS2_PLACEMENT_3D ( 'NONE', #178, #1761, #1049 ) ;
#491 = CARTESIAN_POINT ( 'NONE',  ( -4.769999999999999574, 0.000000000000000000, 0.000000000000000000 ) ) ;
#492 = MECHANICAL_DESIGN_GEOMETRIC_PRESENTATION_REPRESENTATION (  '', ( #1366 ), #1332 ) ;
#493 = FILL_AREA_STYLE ('',( #663 ) ) ;
#494 = AXIS2_PLACEMENT_3D ( 'NONE', #91, #574, #1309 ) ;
#495 = CARTESIAN_POINT ( 'NONE',  ( 2.889999999999999680, 2.586369445532682231E-16, 7.349999999999999645 ) ) ;
#496 = EDGE_CURVE ( 'NONE', #1193, #964, #1827, .T. ) ;
#497 = ORIENTED_EDGE ( 'NONE', *, *, #2213, .T. ) ;
#498 = DIRECTION ( 'NONE',  ( 0.000000000000000000, -1.000000000000000000, 0.000000000000000000 ) ) ;
#499 = ORIENTED_EDGE ( 'NONE', *, *, #2213, .F. ) ;
#500 = UNCERTAINTY_MEASURE_WITH_UNIT (LENGTH_MEASURE( 1.000000000000000082E-05 ), #1545, 'distance_accuracy_value', 'NONE');
#501 = APPLICATION_CONTEXT ( 'automotive_design' ) ;
#502 = FILL_AREA_STYLE_COLOUR ( '', #1549 ) ;
#503 = CIRCLE ( 'NONE', #538, 1.279999999999999361 ) ;
#504 = AXIS2_PLACEMENT_3D ( 'NONE', #704, #517, #1608 ) ;
#505 = ORIENTED_EDGE ( 'NONE', *, *, #1076, .F. ) ;
#506 = ORIENTED_EDGE ( 'NONE', *, *, #1748, .F. ) ;
#507 = SURFACE_STYLE_FILL_AREA ( #909 ) ;
#508 = CARTESIAN_POINT ( 'NONE',  ( 4.769999999999999574, 0.000000000000000000, 0.000000000000000000 ) ) ;
#509 = SURFACE_SIDE_STYLE ('',( #1947 ) ) ;
#510 = CARTESIAN_POINT ( 'NONE',  ( 4.769999999999999574, 0.000000000000000000, 1.699999999999999956 ) ) ;
#511 = FILL_AREA_STYLE ('',( #751 ) ) ;
#512 = ORIENTED_EDGE ( 'NONE', *, *, #1647, .F. ) ;
#513 = DIRECTION ( 'NONE',  ( 0.000000000000000000, 0.000000000000000000, -1.000000000000000000 ) ) ;
#514 = ORIENTED_EDGE ( 'NONE', *, *, #1036, .T. ) ;
#515 = STYLED_ITEM ( 'NONE', ( #1365 ), #2077 ) ;
#516 = FILL_AREA_STYLE_COLOUR ( '', #550 ) ;
#517 = DIRECTION ( 'NONE',  ( -0.000000000000000000, 1.000000000000000000, -0.000000000000000000 ) ) ;
#518 = CYLINDRICAL_SURFACE ( 'NONE', #159, 0.2500000000000002220 ) ;
#519 = COLOUR_RGB ( '',0.8980392156862745390, 0.9176470588235293713, 0.9294117647058823817 ) ;
#520 = EDGE_CURVE ( 'NONE', #1043, #1480, #163, .T. ) ;
#521 = AXIS2_PLACEMENT_3D ( 'NONE', #1970, #2159, #1986 ) ;
#522 = CIRCLE ( 'NONE', #2054, 1.279999999999999361 ) ;
#523 = DIRECTION ( 'NONE',  ( 0.000000000000000000, 0.000000000000000000, 1.000000000000000000 ) ) ;
#524 = EDGE_CURVE ( 'NONE', #246, #1021, #1404, .T. ) ;
#525 = CARTESIAN_POINT ( 'NONE',  ( -2.890000000000000124, -2.580000000000000515, 1.069999999999999840 ) ) ;
#526 = DIRECTION ( 'NONE',  ( -1.000000000000000000, 0.000000000000000000, 0.000000000000000000 ) ) ;
#527 = PRESENTATION_LAYER_ASSIGNMENT (  '', '', ( #1541 ) ) ;
#528 = ORIENTED_EDGE ( 'NONE', *, *, #1876, .T. ) ;
#529 = CARTESIAN_POINT ( 'NONE',  ( 2.890000000000000124, -2.680000000000000604, 1.069999999999999840 ) ) ;
#530 =( NAMED_UNIT ( * ) PLANE_ANGLE_UNIT ( ) SI_UNIT ( $, .RADIAN. ) );
#531 = SURFACE_STYLE_FILL_AREA ( #1595 ) ;
#532 = FILL_AREA_STYLE_COLOUR ( '', #1265 ) ;
#533 = AXIS2_PLACEMENT_3D ( 'NONE', #370, #345, #1426 ) ;
#534 = DIRECTION ( 'NONE',  ( -0.000000000000000000, -0.000000000000000000, -1.000000000000000000 ) ) ;
#535 = LINE ( 'NONE', #1467, #210 ) ;
#536 = VERTEX_POINT ( 'NONE', #1931 ) ;
#537 =( NAMED_UNIT ( * ) PLANE_ANGLE_UNIT ( ) SI_UNIT ( $, .RADIAN. ) );
#538 = AXIS2_PLACEMENT_3D ( 'NONE', #1785, #2099, #376 ) ;
#539 = SURFACE_SIDE_STYLE ('',( #199 ) ) ;
#540 = AXIS2_PLACEMENT_3D ( 'NONE', #1423, #1764, #1255 ) ;
#541 =( LENGTH_UNIT ( ) NAMED_UNIT ( * ) SI_UNIT ( .MILLI., .METRE. ) );
#542 = EDGE_CURVE ( 'NONE', #863, #1014, #1046, .T. ) ;
#543 = STYLED_ITEM ( 'NONE', ( #1078 ), #1181 ) ;
#544 = DIRECTION ( 'NONE',  ( -1.000000000000000000, -0.000000000000000000, -0.000000000000000000 ) ) ;
#545 = FILL_AREA_STYLE_COLOUR ( '', #519 ) ;
#546 =( LENGTH_UNIT ( ) NAMED_UNIT ( * ) SI_UNIT ( .MILLI., .METRE. ) );
#547 = DIRECTION ( 'NONE',  ( -0.000000000000000000, -3.011672701348623483E-16, -1.000000000000000000 ) ) ;
#548 = DIRECTION ( 'NONE',  ( -0.000000000000000000, 1.000000000000000000, -0.000000000000000000 ) ) ;
#549 = FACE_OUTER_BOUND ( 'NONE', #339, .T. ) ;
#550 = COLOUR_RGB ( '',0.8980392156862745390, 0.9176470588235293713, 0.9294117647058823817 ) ;
#551 = ORIENTED_EDGE ( 'NONE', *, *, #79, .T. ) ;
#552 = DIRECTION ( 'NONE',  ( -1.000000000000000000, 0.000000000000000000, 0.000000000000000000 ) ) ;
#553 =( NAMED_UNIT ( * ) PLANE_ANGLE_UNIT ( ) SI_UNIT ( $, .RADIAN. ) );
#554 = ORIENTED_EDGE ( 'NONE', *, *, #1985, .T. ) ;
#555 = FACE_OUTER_BOUND ( 'NONE', #1266, .T. ) ;
#556 =( GEOMETRIC_REPRESENTATION_CONTEXT ( 3 ) GLOBAL_UNCERTAINTY_ASSIGNED_CONTEXT ( ( #2040 ) ) GLOBAL_UNIT_ASSIGNED_CONTEXT ( ( #874, #886, #2087 ) ) REPRESENTATION_CONTEXT ( 'NONE', 'WORKASPACE' ) );
#557 = DIRECTION ( 'NONE',  ( -1.000000000000000000, -0.000000000000000000, -0.000000000000000000 ) ) ;
#558 =( NAMED_UNIT ( * ) SI_UNIT ( $, .STERADIAN. ) SOLID_ANGLE_UNIT ( ) );
#559 = VECTOR ( 'NONE', #2036, 1000.000000000000000 ) ;
#560 = CARTESIAN_POINT ( 'NONE',  ( 2.889999999999999680, 2.586369445532682231E-16, 5.729999999999999538 ) ) ;
#561 = DIRECTION ( 'NONE',  ( 0.000000000000000000, -1.000000000000000000, 0.000000000000000000 ) ) ;
#562 = SURFACE_STYLE_USAGE ( .BOTH. , #893 ) ;
#563 = EDGE_CURVE ( 'NONE', #229, #647, #196, .T. ) ;
#564 = COLOUR_RGB ( '',0.8980392156862745390, 0.9176470588235293713, 0.9294117647058823817 ) ;
#565 = ORIENTED_EDGE ( 'NONE', *, *, #1373, .T. ) ;
#566 = PLANE ( 'NONE',  #1907 ) ;
#567 = LINE ( 'NONE', #1299, #1912 ) ;
#568 = DIRECTION ( 'NONE',  ( 0.000000000000000000, 0.000000000000000000, 1.000000000000000000 ) ) ;
#569 = STYLED_ITEM ( 'NONE', ( #1796 ), #2028 ) ;
#570 = UNCERTAINTY_MEASURE_WITH_UNIT (LENGTH_MEASURE( 1.000000000000000082E-05 ), #2205, 'distance_accuracy_value', 'NONE');
#571 = CARTESIAN_POINT ( 'NONE',  ( -4.169999999999999929, -2.180000000000000604, 5.730000000000000426 ) ) ;
#572 =( LENGTH_UNIT ( ) NAMED_UNIT ( * ) SI_UNIT ( .MILLI., .METRE. ) );
#573 = ADVANCED_FACE ( 'NONE', ( #2261 ), #1576, .T. ) ;
#574 = DIRECTION ( 'NONE',  ( 0.000000000000000000, 0.000000000000000000, -1.000000000000000000 ) ) ;
#575 = ORIENTED_EDGE ( 'NONE', *, *, #736, .T. ) ;
#576 = DIRECTION ( 'NONE',  ( 0.000000000000000000, 0.000000000000000000, 1.000000000000000000 ) ) ;
#577 = SURFACE_STYLE_FILL_AREA ( #938 ) ;
#578 = VECTOR ( 'NONE', #1103, 1000.000000000000000 ) ;
#579 = PRESENTATION_LAYER_ASSIGNMENT (  '', '', ( #617 ) ) ;
#580 = PLANE ( 'NONE',  #1235 ) ;
#581 = DIRECTION ( 'NONE',  ( 0.000000000000000000, 0.000000000000000000, 1.000000000000000000 ) ) ;
#582 = VERTEX_POINT ( 'NONE', #380 ) ;
#583 = DIRECTION ( 'NONE',  ( -0.000000000000000000, 1.000000000000000000, -0.000000000000000000 ) ) ;
#584 = CYLINDRICAL_SURFACE ( 'NONE', #1668, 0.7000000000000000666 ) ;
#585 = ORIENTED_EDGE ( 'NONE', *, *, #1594, .F. ) ;
#586 = UNCERTAINTY_MEASURE_WITH_UNIT (LENGTH_MEASURE( 1.000000000000000082E-05 ), #858, 'distance_accuracy_value', 'NONE');
#587 = SURFACE_SIDE_STYLE ('',( #1516 ) ) ;
#588 = CIRCLE ( 'NONE', #1016, 1.880000000000000115 ) ;
#589 = UNCERTAINTY_MEASURE_WITH_UNIT (LENGTH_MEASURE( 1.000000000000000082E-05 ), #919, 'distance_accuracy_value', 'NONE');
#590 = EDGE_CURVE ( 'NONE', #2071, #1379, #244, .T. ) ;
#591 = CIRCLE ( 'NONE', #487, 1.880000000000000338 ) ;
#592 = CARTESIAN_POINT ( 'NONE',  ( 2.890000000000000124, -2.680000000000000604, 0.8199999999999993960 ) ) ;
#593 = ADVANCED_FACE ( 'NONE', ( #1248 ), #187, .T. ) ;
#594 = EDGE_LOOP ( 'NONE', ( #386, #2026, #630, #1697 ) ) ;
#595 =( LENGTH_UNIT ( ) NAMED_UNIT ( * ) SI_UNIT ( .MILLI., .METRE. ) );
#596 = SURFACE_SIDE_STYLE ('',( #1528 ) ) ;
#597 =( GEOMETRIC_REPRESENTATION_CONTEXT ( 3 ) GLOBAL_UNCERTAINTY_ASSIGNED_CONTEXT ( ( #707 ) ) GLOBAL_UNIT_ASSIGNED_CONTEXT ( ( #1859, #2025, #2190 ) ) REPRESENTATION_CONTEXT ( 'NONE', 'WORKASPACE' ) );
#598 = FILL_AREA_STYLE_COLOUR ( '', #364 ) ;
#599 = CARTESIAN_POINT ( 'NONE',  ( 2.890000000000000124, -2.680000000000000604, 1.069999999999999840 ) ) ;
#600 = CIRCLE ( 'NONE', #424, 1.880000000000000338 ) ;
#601 = EDGE_LOOP ( 'NONE', ( #2146, #1185, #780, #1579 ) ) ;
#602 = CARTESIAN_POINT ( 'NONE',  ( 4.169999999999999929, -2.030000000000000249, 0.8500000000000003109 ) ) ;
#603 = CARTESIAN_POINT ( 'NONE',  ( -4.769999999999999574, 2.594025392345131626E-16, 7.349999999999999645 ) ) ;
#604 = LINE ( 'NONE', #301, #453 ) ;
#605 = LINE ( 'NONE', #989, #1728 ) ;
#606 = ORIENTED_EDGE ( 'NONE', *, *, #1487, .T. ) ;
#607 = DIRECTION ( 'NONE',  ( -1.000000000000000000, 0.000000000000000000, 0.000000000000000000 ) ) ;
#608 = AXIS2_PLACEMENT_3D ( 'NONE', #427, #1101, #1306 ) ;
#609 = ORIENTED_EDGE ( 'NONE', *, *, #1614, .F. ) ;
#610 = ORIENTED_EDGE ( 'NONE', *, *, #1344, .T. ) ;
#611 =( NAMED_UNIT ( * ) SI_UNIT ( $, .STERADIAN. ) SOLID_ANGLE_UNIT ( ) );
#612 = STYLED_ITEM ( 'NONE', ( #677 ), #937 ) ;
#613 = SURFACE_STYLE_FILL_AREA ( #377 ) ;
#614 = DIRECTION ( 'NONE',  ( 0.000000000000000000, -0.000000000000000000, -1.000000000000000000 ) ) ;
#615 = SURFACE_STYLE_USAGE ( .BOTH. , #449 ) ;
#616 = SHAPE_DEFINITION_REPRESENTATION ( #1808, #1722 ) ;
#617 = STYLED_ITEM ( 'NONE', ( #1660 ), #725 ) ;
#618 = PRESENTATION_LAYER_ASSIGNMENT (  '', '', ( #735 ) ) ;
#619 = SURFACE_STYLE_USAGE ( .BOTH. , #419 ) ;
#620 = FILL_AREA_STYLE ('',( #1523 ) ) ;
#621 = DIRECTION ( 'NONE',  ( 0.000000000000000000, -1.000000000000000000, 0.000000000000000000 ) ) ;
#622 = VERTEX_POINT ( 'NONE', #1887 ) ;
#623 = VECTOR ( 'NONE', #331, 1000.000000000000000 ) ;
#624 = EDGE_CURVE ( 'NONE', #1227, #2048, #2226, .T. ) ;
#625 = CARTESIAN_POINT ( 'NONE',  ( -2.745000000000000551, -3.588743329438985007E-16, 14.14677129231225727 ) ) ;
#626 = STYLED_ITEM ( 'NONE', ( #1977 ), #56 ) ;
#627 = DIRECTION ( 'NONE',  ( 0.000000000000000000, 0.000000000000000000, 1.000000000000000000 ) ) ;
#628 = CARTESIAN_POINT ( 'NONE',  ( -2.890000000000000124, -2.680000000000000604, 1.069999999999999840 ) ) ;
#629 = CARTESIAN_POINT ( 'NONE',  ( -2.889999999999999680, 2.594025392345131626E-16, 7.349999999999999645 ) ) ;
#630 = ORIENTED_EDGE ( 'NONE', *, *, #335, .F. ) ;
#631 = SURFACE_SIDE_STYLE ('',( #1698 ) ) ;
#632 = STYLED_ITEM ( 'NONE', ( #1666 ), #2059 ) ;
#633 = STYLED_ITEM ( 'NONE', ( #157 ), #1416 ) ;
#634 = EDGE_LOOP ( 'NONE', ( #609, #1515, #478, #1257 ) ) ;
#635 = VERTEX_POINT ( 'NONE', #287 ) ;
#636 = UNCERTAINTY_MEASURE_WITH_UNIT (LENGTH_MEASURE( 1.000000000000000082E-05 ), #1110, 'distance_accuracy_value', 'NONE');
#637 = VECTOR ( 'NONE', #1280, 1000.000000000000000 ) ;
#638 = STYLED_ITEM ( 'NONE', ( #1755 ), #573 ) ;
#639 = PRESENTATION_STYLE_ASSIGNMENT (( #1008 ) ) ;
#640 = EDGE_CURVE ( 'NONE', #853, #428, #821, .T. ) ;
#641 = SURFACE_STYLE_USAGE ( .BOTH. , #125 ) ;
#642 = SURFACE_STYLE_FILL_AREA ( #290 ) ;
#643 = EDGE_CURVE ( 'NONE', #2200, #1849, #846, .T. ) ;
#644 = EDGE_LOOP ( 'NONE', ( #828, #1369, #237, #1400 ) ) ;
#645 = DIRECTION ( 'NONE',  ( -0.000000000000000000, -1.836970198721029688E-16, -1.000000000000000000 ) ) ;
#646 = ORIENTED_EDGE ( 'NONE', *, *, #292, .F. ) ;
#647 = VERTEX_POINT ( 'NONE', #1765 ) ;
#648 = STYLED_ITEM ( 'NONE', ( #1688 ), #130 ) ;
#649 = CARTESIAN_POINT ( 'NONE',  ( -2.889999999999999680, -1.279999999999999361, 7.349999999999999645 ) ) ;
#650 = DIRECTION ( 'NONE',  ( 0.000000000000000000, -0.000000000000000000, -1.000000000000000000 ) ) ;
#651 = CARTESIAN_POINT ( 'NONE',  ( 4.169999999999999929, -1.880000000000000338, 4.330000000000000071 ) ) ;
#652 = DIRECTION ( 'NONE',  ( -1.000000000000000000, 0.000000000000000000, 0.000000000000000000 ) ) ;
#653 = DIRECTION ( 'NONE',  ( 0.000000000000000000, -1.000000000000000000, 1.224646799147353207E-16 ) ) ;
#654 =( LENGTH_UNIT ( ) NAMED_UNIT ( * ) SI_UNIT ( .MILLI., .METRE. ) );
#655 =( GEOMETRIC_REPRESENTATION_CONTEXT ( 3 ) GLOBAL_UNCERTAINTY_ASSIGNED_CONTEXT ( ( #830 ) ) GLOBAL_UNIT_ASSIGNED_CONTEXT ( ( #804, #1368, #188 ) ) REPRESENTATION_CONTEXT ( 'NONE', 'WORKASPACE' ) );
#656 = COLOUR_RGB ( '',0.8980392156862745390, 0.9176470588235293713, 0.9294117647058823817 ) ;
#657 = ORIENTED_EDGE ( 'NONE', *, *, #849, .F. ) ;
#658 = DIRECTION ( 'NONE',  ( 1.000000000000000000, 0.000000000000000000, -0.000000000000000000 ) ) ;
#659 =( NAMED_UNIT ( * ) PLANE_ANGLE_UNIT ( ) SI_UNIT ( $, .RADIAN. ) );
#660 = VERTEX_POINT ( 'NONE', #1574 ) ;
#661 =( LENGTH_UNIT ( ) NAMED_UNIT ( * ) SI_UNIT ( .MILLI., .METRE. ) );
#662 = UNCERTAINTY_MEASURE_WITH_UNIT (LENGTH_MEASURE( 1.000000000000000082E-05 ), #1056, 'distance_accuracy_value', 'NONE');
#663 = FILL_AREA_STYLE_COLOUR ( '', #686 ) ;
#664 = AXIS2_PLACEMENT_3D ( 'NONE', #671, #201, #321 ) ;
#665 = DIRECTION ( 'NONE',  ( -0.000000000000000000, 1.000000000000000000, -0.000000000000000000 ) ) ;
#666 = VERTEX_POINT ( 'NONE', #2136 ) ;
#667 = PRESENTATION_LAYER_ASSIGNMENT (  '', '', ( #168 ) ) ;
#668 = ADVANCED_FACE ( 'NONE', ( #1453 ), #518, .T. ) ;
#669 = EDGE_LOOP ( 'NONE', ( #789, #2181, #1351, #726, #2232 ) ) ;
#670 = PRESENTATION_LAYER_ASSIGNMENT (  '', '', ( #633 ) ) ;
#671 = CARTESIAN_POINT ( 'NONE',  ( -2.889999999999999680, 2.594025392345131626E-16, 7.349999999999999645 ) ) ;
#672 = VECTOR ( 'NONE', #1780, 1000.000000000000000 ) ;
#673 = CARTESIAN_POINT ( 'NONE',  ( 4.769999999999999574, 0.000000000000000000, 4.330000000000000071 ) ) ;
#674 = ORIENTED_EDGE ( 'NONE', *, *, #79, .F. ) ;
#675 = LINE ( 'NONE', #1421, #748 ) ;
#676 = ORIENTED_EDGE ( 'NONE', *, *, #1985, .F. ) ;
#677 = PRESENTATION_STYLE_ASSIGNMENT (( #1231 ) ) ;
#678 = VECTOR ( 'NONE', #1966, 1000.000000000000000 ) ;
#679 = CARTESIAN_POINT ( 'NONE',  ( 2.890000000000000124, -2.580000000000000515, 0.8199999999999993960 ) ) ;
#680 = DIRECTION ( 'NONE',  ( -1.000000000000000000, 0.000000000000000000, 0.000000000000000000 ) ) ;
#681 = UNCERTAINTY_MEASURE_WITH_UNIT (LENGTH_MEASURE( 1.000000000000000082E-05 ), #1776, 'distance_accuracy_value', 'NONE');
#682 = FILL_AREA_STYLE ('',( #502 ) ) ;
#683 = UNCERTAINTY_MEASURE_WITH_UNIT (LENGTH_MEASURE( 1.000000000000000082E-05 ), #430, 'distance_accuracy_value', 'NONE');
#684 = CIRCLE ( 'NONE', #2097, 0.1000000000000000472 ) ;
#685 = EDGE_CURVE ( 'NONE', #100, #475, #1038, .T. ) ;
#686 = COLOUR_RGB ( '',0.8980392156862745390, 0.9176470588235293713, 0.9294117647058823817 ) ;
#687 = ORIENTED_EDGE ( 'NONE', *, *, #1192, .T. ) ;
#688 = CARTESIAN_POINT ( 'NONE',  ( 2.889999999999999236, -1.880000000000000115, 7.349999999999999645 ) ) ;
#689 = ORIENTED_EDGE ( 'NONE', *, *, #2253, .T. ) ;
#690 = CIRCLE ( 'NONE', #1627, 0.1000000000000000472 ) ;
#691 =( NAMED_UNIT ( * ) SI_UNIT ( $, .STERADIAN. ) SOLID_ANGLE_UNIT ( ) );
#692 = EDGE_CURVE ( 'NONE', #1302, #622, #690, .T. ) ;
#693 =( NAMED_UNIT ( * ) SI_UNIT ( $, .STERADIAN. ) SOLID_ANGLE_UNIT ( ) );
#694 = ADVANCED_FACE ( 'NONE', ( #2269 ), #1969, .F. ) ;
#695 = SURFACE_STYLE_FILL_AREA ( #10 ) ;
#696 = FACE_OUTER_BOUND ( 'NONE', #1628, .T. ) ;
#697 = COLOUR_RGB ( '',0.8980392156862745390, 0.9176470588235293713, 0.9294117647058823817 ) ;
#698 = VERTEX_POINT ( 'NONE', #30 ) ;
#699 = SURFACE_SIDE_STYLE ('',( #1923 ) ) ;
#700 =( NAMED_UNIT ( * ) SI_UNIT ( $, .STERADIAN. ) SOLID_ANGLE_UNIT ( ) );
#701 = SURFACE_STYLE_USAGE ( .BOTH. , #1269 ) ;
#702 = CARTESIAN_POINT ( 'NONE',  ( -2.745000000000000551, 0.6000000000000004219, 1.399999999999999911 ) ) ;
#703 = MECHANICAL_DESIGN_GEOMETRIC_PRESENTATION_REPRESENTATION (  '', ( #416 ), #2256 ) ;
#704 = CARTESIAN_POINT ( 'NONE',  ( 2.890000000000000124, -2.580000000000000515, 1.069999999999999840 ) ) ;
#705 = UNCERTAINTY_MEASURE_WITH_UNIT (LENGTH_MEASURE( 1.000000000000000082E-05 ), #1067, 'distance_accuracy_value', 'NONE');
#706 = SURFACE_STYLE_USAGE ( .BOTH. , #509 ) ;
#707 = UNCERTAINTY_MEASURE_WITH_UNIT (LENGTH_MEASURE( 1.000000000000000082E-05 ), #1859, 'distance_accuracy_value', 'NONE');
#708 = CIRCLE ( 'NONE', #25, 0.2500000000000002220 ) ;
#709 = DIRECTION ( 'NONE',  ( 0.000000000000000000, -1.836970198721029688E-16, -1.000000000000000000 ) ) ;
#710 = COLOUR_RGB ( '',0.8980392156862745390, 0.9176470588235293713, 0.9294117647058823817 ) ;
#711 = ADVANCED_FACE ( 'NONE', ( #1983 ), #1588, .T. ) ;
#712 = ORIENTED_EDGE ( 'NONE', *, *, #1117, .F. ) ;
#713 = DIRECTION ( 'NONE',  ( -1.000000000000000000, 0.000000000000000000, 0.000000000000000000 ) ) ;
#714 = DIRECTION ( 'NONE',  ( 0.000000000000000000, 0.000000000000000000, 1.000000000000000000 ) ) ;
#715 = PLANE ( 'NONE',  #1277 ) ;
#716 =( LENGTH_UNIT ( ) NAMED_UNIT ( * ) SI_UNIT ( .MILLI., .METRE. ) );
#717 =( NAMED_UNIT ( * ) PLANE_ANGLE_UNIT ( ) SI_UNIT ( $, .RADIAN. ) );
#718 =( LENGTH_UNIT ( ) NAMED_UNIT ( * ) SI_UNIT ( .MILLI., .METRE. ) );
#719 = DIRECTION ( 'NONE',  ( 0.000000000000000000, 0.000000000000000000, -1.000000000000000000 ) ) ;
#720 = FACE_OUTER_BOUND ( 'NONE', #1526, .T. ) ;
#721 = DIRECTION ( 'NONE',  ( -1.000000000000000000, -0.000000000000000000, -0.000000000000000000 ) ) ;
#722 = SURFACE_SIDE_STYLE ('',( #53 ) ) ;
#723 = FILL_AREA_STYLE ('',( #43 ) ) ;
#724 = CARTESIAN_POINT ( 'NONE',  ( -3.345000000000000639, -3.588743329438985007E-16, 1.399999999999999911 ) ) ;
#725 = ADVANCED_FACE ( 'NONE', ( #555 ), #1683, .T. ) ;
#726 = ORIENTED_EDGE ( 'NONE', *, *, #1117, .T. ) ;
#727 = CARTESIAN_POINT ( 'NONE',  ( -2.889999999999999236, -1.880000000000000338, 1.700000000000001066 ) ) ;
#728 = AXIS2_PLACEMENT_3D ( 'NONE', #973, #1632, #769 ) ;
#729 = SURFACE_STYLE_USAGE ( .BOTH. , #539 ) ;
#730 = MECHANICAL_DESIGN_GEOMETRIC_PRESENTATION_REPRESENTATION (  '', ( #809 ), #2242 ) ;
#731 = MECHANICAL_DESIGN_GEOMETRIC_PRESENTATION_REPRESENTATION (  '', ( #2177 ), #1860 ) ;
#732 = ORIENTED_EDGE ( 'NONE', *, *, #2188, .F. ) ;
#733 = CARTESIAN_POINT ( 'NONE',  ( -2.889999999999999680, -1.279999999999999361, 1.400000000000000133 ) ) ;
#734 = FILL_AREA_STYLE ('',( #1619 ) ) ;
#735 = STYLED_ITEM ( 'NONE', ( #1562 ), #793 ) ;
#736 = EDGE_CURVE ( 'NONE', #1855, #698, #1113, .T. ) ;
#737 = DIRECTION ( 'NONE',  ( -1.000000000000000000, 0.000000000000000000, 0.000000000000000000 ) ) ;
#738 = DIRECTION ( 'NONE',  ( 0.000000000000000000, 0.000000000000000000, 1.000000000000000000 ) ) ;
#739 = FILL_AREA_STYLE ('',( #1807 ) ) ;
#740 = CIRCLE ( 'NONE', #664, 1.880000000000000338 ) ;
#741 = ORIENTED_EDGE ( 'NONE', *, *, #1894, .F. ) ;
#742 =( NAMED_UNIT ( * ) PLANE_ANGLE_UNIT ( ) SI_UNIT ( $, .RADIAN. ) );
#743 = CARTESIAN_POINT ( 'NONE',  ( 4.769999999999999574, -2.180000000000000604, 5.730000000000000426 ) ) ;
#744 = PRESENTATION_LAYER_ASSIGNMENT (  '', '', ( #2250 ) ) ;
#745 = FILL_AREA_STYLE_COLOUR ( '', #999 ) ;
#746 = CARTESIAN_POINT ( 'NONE',  ( -4.169999999999999929, -1.880000000000000338, 4.330000000000000071 ) ) ;
#747 = EDGE_CURVE ( 'NONE', #800, #1483, #1828, .T. ) ;
#748 = VECTOR ( 'NONE', #1206, 1000.000000000000000 ) ;
#749 = PRESENTATION_STYLE_ASSIGNMENT (( #1600 ) ) ;
#750 = SURFACE_SIDE_STYLE ('',( #2161 ) ) ;
#751 = FILL_AREA_STYLE_COLOUR ( '', #710 ) ;
#752 = COLOUR_RGB ( '',0.05882352941176470507, 0.05882352941176470507, 0.05882352941176470507 ) ;
#753 = AXIS2_PLACEMENT_3D ( 'NONE', #529, #36, #896 ) ;
#754 = AXIS2_PLACEMENT_3D ( 'NONE', #2113, #721, #523 ) ;
#755 = VECTOR ( 'NONE', #1194, 1000.000000000000000 ) ;
#756 = ORIENTED_EDGE ( 'NONE', *, *, #891, .T. ) ;
#757 = PLANE ( 'NONE',  #1878 ) ;
#758 = SURFACE_STYLE_USAGE ( .BOTH. , #1591 ) ;
#759 = ORIENTED_EDGE ( 'NONE', *, *, #1195, .T. ) ;
#760 = VERTEX_POINT ( 'NONE', #1304 ) ;
#761 = CARTESIAN_POINT ( 'NONE',  ( 4.169999999999999929, -1.880000000000000338, 1.700000000000000622 ) ) ;
#762 = PRESENTATION_LAYER_ASSIGNMENT (  '', '', ( #218 ) ) ;
#763 = DIRECTION ( 'NONE',  ( 1.000000000000000000, 0.000000000000000000, -1.224646799147353207E-16 ) ) ;
#764 = DIRECTION ( 'NONE',  ( 0.000000000000000000, 1.000000000000000000, -3.011672701348622990E-16 ) ) ;
#765 = VECTOR ( 'NONE', #1291, 1000.000000000000000 ) ;
#766 = ORIENTED_EDGE ( 'NONE', *, *, #1846, .F. ) ;
#767 =( NAMED_UNIT ( * ) SI_UNIT ( $, .STERADIAN. ) SOLID_ANGLE_UNIT ( ) );
#768 = EDGE_CURVE ( 'NONE', #263, #2003, #1354, .T. ) ;
#769 = DIRECTION ( 'NONE',  ( 0.000000000000000000, 0.000000000000000000, 1.000000000000000000 ) ) ;
#770 = VERTEX_POINT ( 'NONE', #746 ) ;
#771 = AXIS2_PLACEMENT_3D ( 'NONE', #329, #1270, #1606 ) ;
#772 = EDGE_CURVE ( 'NONE', #132, #2048, #1993, .T. ) ;
#773 = SURFACE_STYLE_USAGE ( .BOTH. , #343 ) ;
#774 = PRESENTATION_STYLE_ASSIGNMENT (( #1316 ) ) ;
#775 = AXIS2_PLACEMENT_3D ( 'NONE', #404, #738, #930 ) ;
#776 = EDGE_CURVE ( 'NONE', #1568, #2071, #1111, .T. ) ;
#777 = DIRECTION ( 'NONE',  ( 0.000000000000000000, 1.000000000000000000, -3.011672701348622990E-16 ) ) ;
#778 =( LENGTH_UNIT ( ) NAMED_UNIT ( * ) SI_UNIT ( .MILLI., .METRE. ) );
#779 =( LENGTH_UNIT ( ) NAMED_UNIT ( * ) SI_UNIT ( .MILLI., .METRE. ) );
#780 = ORIENTED_EDGE ( 'NONE', *, *, #2010, .F. ) ;
#781 = CARTESIAN_POINT ( 'NONE',  ( 2.890000000000000124, -2.580000000000000515, 1.069999999999999840 ) ) ;
#782 = CARTESIAN_POINT ( 'NONE',  ( 4.169999999999999929, -1.880000000000000338, 1.725813553570450631 ) ) ;
#783 = MECHANICAL_DESIGN_GEOMETRIC_PRESENTATION_REPRESENTATION (  '', ( #14 ), #2005 ) ;
#784 = ORIENTED_EDGE ( 'NONE', *, *, #1353, .F. ) ;
#785 = FILL_AREA_STYLE ('',( #1661 ) ) ;
#786 = CARTESIAN_POINT ( 'NONE',  ( -4.169999999999999929, -2.180000000000000604, 5.730000000000000426 ) ) ;
#787 = PRESENTATION_LAYER_ASSIGNMENT (  '', '', ( #416 ) ) ;
#788 = DIRECTION ( 'NONE',  ( 1.000000000000000000, 0.000000000000000000, 0.000000000000000000 ) ) ;
#789 = ORIENTED_EDGE ( 'NONE', *, *, #398, .T. ) ;
#790 = DIRECTION ( 'NONE',  ( 0.000000000000000000, 0.000000000000000000, -1.000000000000000000 ) ) ;
#791 =( LENGTH_UNIT ( ) NAMED_UNIT ( * ) SI_UNIT ( .MILLI., .METRE. ) );
#792 = MECHANICAL_DESIGN_GEOMETRIC_PRESENTATION_REPRESENTATION (  '', ( #240 ), #60 ) ;
#793 = ADVANCED_FACE ( 'NONE', ( #1733 ), #277, .T. ) ;
#794 = COLOUR_RGB ( '',0.8980392156862745390, 0.9176470588235293713, 0.9294117647058823817 ) ;
#795 = AXIS2_PLACEMENT_3D ( 'NONE', #2151, #1962, #526 ) ;
#796 = ORIENTED_EDGE ( 'NONE', *, *, #288, .T. ) ;
#797 = DIRECTION ( 'NONE',  ( -0.000000000000000000, -0.000000000000000000, -1.000000000000000000 ) ) ;
#798 = CYLINDRICAL_SURFACE ( 'NONE', #1434, 0.6000000000000003109 ) ;
#799 = PRESENTATION_STYLE_ASSIGNMENT (( #406 ) ) ;
#800 = VERTEX_POINT ( 'NONE', #1706 ) ;
#801 =( NAMED_UNIT ( * ) SI_UNIT ( $, .STERADIAN. ) SOLID_ANGLE_UNIT ( ) );
#802 = PLANE ( 'NONE',  #1398 ) ;
#803 = EDGE_CURVE ( 'NONE', #1849, #2095, #1039, .T. ) ;
#804 =( LENGTH_UNIT ( ) NAMED_UNIT ( * ) SI_UNIT ( .MILLI., .METRE. ) );
#805 = ORIENTED_EDGE ( 'NONE', *, *, #266, .T. ) ;
#806 =( NAMED_UNIT ( * ) PLANE_ANGLE_UNIT ( ) SI_UNIT ( $, .RADIAN. ) );
#807 = AXIS2_PLACEMENT_3D ( 'NONE', #2090, #1872, #1360 ) ;
#808 = SURFACE_STYLE_FILL_AREA ( #975 ) ;
#809 = STYLED_ITEM ( 'NONE', ( #1967 ), #1167 ) ;
#810 = CARTESIAN_POINT ( 'NONE',  ( 4.169999999999999929, 0.000000000000000000, 0.000000000000000000 ) ) ;
#811 = EDGE_CURVE ( 'NONE', #12, #1061, #223, .T. ) ;
#812 = VECTOR ( 'NONE', #797, 1000.000000000000000 ) ;
#813 = FACE_OUTER_BOUND ( 'NONE', #1339, .T. ) ;
#814 = DIRECTION ( 'NONE',  ( 0.000000000000000000, 0.000000000000000000, -1.000000000000000000 ) ) ;
#815 = VERTEX_POINT ( 'NONE', #2255 ) ;
#816 = ADVANCED_FACE ( 'NONE', ( #2243, #135 ), #854, .T. ) ;
#817 = ORIENTED_EDGE ( 'NONE', *, *, #1119, .F. ) ;
#818 = CARTESIAN_POINT ( 'NONE',  ( -2.745000000000000551, 0.6000000000000004219, 1.399999999999999911 ) ) ;
#819 = EDGE_CURVE ( 'NONE', #2003, #1738, #1693, .T. ) ;
#820 = STYLED_ITEM ( 'NONE', ( #959 ), #2237 ) ;
#821 = LINE ( 'NONE', #1534, #968 ) ;
#822 =( LENGTH_UNIT ( ) NAMED_UNIT ( * ) SI_UNIT ( .MILLI., .METRE. ) );
#823 = ORIENTED_EDGE ( 'NONE', *, *, #5, .T. ) ;
#824 = AXIS2_PLACEMENT_3D ( 'NONE', #1711, #94, #1145 ) ;
#825 = CIRCLE ( 'NONE', #1645, 0.7000000000000000666 ) ;
#826 = EDGE_LOOP ( 'NONE', ( #1505, #766, #1032, #1529, #2209 ) ) ;
#827 = DIRECTION ( 'NONE',  ( 1.000000000000000000, 0.000000000000000000, 0.000000000000000000 ) ) ;
#828 = ORIENTED_EDGE ( 'NONE', *, *, #891, .F. ) ;
#829 = AXIS2_PLACEMENT_3D ( 'NONE', #1107, #935, #1642 ) ;
#830 = UNCERTAINTY_MEASURE_WITH_UNIT (LENGTH_MEASURE( 1.000000000000000082E-05 ), #804, 'distance_accuracy_value', 'NONE');
#831 = VECTOR ( 'NONE', #788, 1000.000000000000000 ) ;
#832 =( NAMED_UNIT ( * ) SI_UNIT ( $, .STERADIAN. ) SOLID_ANGLE_UNIT ( ) );
#833 = UNCERTAINTY_MEASURE_WITH_UNIT (LENGTH_MEASURE( 1.000000000000000082E-05 ), #903, 'distance_accuracy_value', 'NONE');
#834 = CARTESIAN_POINT ( 'NONE',  ( -2.745000000000000551, -0.6000000000000004219, 1.399999999999999911 ) ) ;
#835 = DIRECTION ( 'NONE',  ( 0.000000000000000000, 0.000000000000000000, 1.000000000000000000 ) ) ;
#836 = SURFACE_STYLE_USAGE ( .BOTH. , #141 ) ;
#837 = EDGE_LOOP ( 'NONE', ( #1571, #1759, #575, #1420 ) ) ;
#838 =( LENGTH_UNIT ( ) NAMED_UNIT ( * ) SI_UNIT ( .MILLI., .METRE. ) );
#839 =( GEOMETRIC_REPRESENTATION_CONTEXT ( 3 ) GLOBAL_UNCERTAINTY_ASSIGNED_CONTEXT ( ( #879 ) ) GLOBAL_UNIT_ASSIGNED_CONTEXT ( ( #2022, #1853, #363 ) ) REPRESENTATION_CONTEXT ( 'NONE', 'WORKASPACE' ) );
#840 = VERTEX_POINT ( 'NONE', #818 ) ;
#841 = FACE_OUTER_BOUND ( 'NONE', #26, .T. ) ;
#842 = SURFACE_SIDE_STYLE ('',( #1543 ) ) ;
#843 = ORIENTED_EDGE ( 'NONE', *, *, #398, .F. ) ;
#844 = DIRECTION ( 'NONE',  ( 1.000000000000000000, -0.000000000000000000, -0.000000000000000000 ) ) ;
#845 = DIRECTION ( 'NONE',  ( -1.000000000000000000, -0.000000000000000000, -0.000000000000000000 ) ) ;
#846 = LINE ( 'NONE', #1465, #1707 ) ;
#847 = VECTOR ( 'NONE', #1413, 1000.000000000000000 ) ;
#848 = DIRECTION ( 'NONE',  ( 1.000000000000000000, 0.000000000000000000, 0.000000000000000000 ) ) ;
#849 = EDGE_CURVE ( 'NONE', #853, #1480, #1493, .T. ) ;
#850 = ORIENTED_EDGE ( 'NONE', *, *, #1719, .T. ) ;
#851 = CARTESIAN_POINT ( 'NONE',  ( -4.169999999999999929, 0.000000000000000000, 0.000000000000000000 ) ) ;
#852 = CARTESIAN_POINT ( 'NONE',  ( -4.169999999999999929, -2.180000000000000604, 5.029999999999999361 ) ) ;
#853 = VERTEX_POINT ( 'NONE', #1435 ) ;
#854 = PLANE ( 'NONE',  #807 ) ;
#855 = SURFACE_STYLE_USAGE ( .BOTH. , #1412 ) ;
#856 = CARTESIAN_POINT ( 'NONE',  ( -2.890000000000000124, -1.880000000000000338, 1.069999999999999840 ) ) ;
#857 = FILL_AREA_STYLE ('',( #880 ) ) ;
#858 =( LENGTH_UNIT ( ) NAMED_UNIT ( * ) SI_UNIT ( .MILLI., .METRE. ) );
#859 = CARTESIAN_POINT ( 'NONE',  ( -4.169999999999999929, 0.000000000000000000, 4.330000000000000071 ) ) ;
#860 = ORIENTED_EDGE ( 'NONE', *, *, #747, .F. ) ;
#861 = FACE_OUTER_BOUND ( 'NONE', #58, .T. ) ;
#862 = STYLED_ITEM ( 'NONE', ( #749 ), #2235 ) ;
#863 = VERTEX_POINT ( 'NONE', #1044 ) ;
#864 = DIRECTION ( 'NONE',  ( 0.000000000000000000, 0.000000000000000000, 1.000000000000000000 ) ) ;
#865 = CIRCLE ( 'NONE', #456, 0.7000000000000000666 ) ;
#866 = VECTOR ( 'NONE', #374, 1000.000000000000000 ) ;
#867 = CARTESIAN_POINT ( 'NONE',  ( 4.169999999999999929, -1.880000000000000338, 4.330000000000000071 ) ) ;
#868 =( NAMED_UNIT ( * ) SI_UNIT ( $, .STERADIAN. ) SOLID_ANGLE_UNIT ( ) );
#869 = DIRECTION ( 'NONE',  ( 0.000000000000000000, 0.000000000000000000, 1.000000000000000000 ) ) ;
#870 = AXIS2_PLACEMENT_3D ( 'NONE', #2262, #483, #1225 ) ;
#871 = STYLED_ITEM ( 'NONE', ( #906 ), #2046 ) ;
#872 = SURFACE_STYLE_FILL_AREA ( #316 ) ;
#873 = ORIENTED_EDGE ( 'NONE', *, *, #1564, .T. ) ;
#874 =( LENGTH_UNIT ( ) NAMED_UNIT ( * ) SI_UNIT ( .MILLI., .METRE. ) );
#875 =( NAMED_UNIT ( * ) SI_UNIT ( $, .STERADIAN. ) SOLID_ANGLE_UNIT ( ) );
#876 = ORIENTED_EDGE ( 'NONE', *, *, #1570, .T. ) ;
#877 = FILL_AREA_STYLE_COLOUR ( '', #1777 ) ;
#878 = SURFACE_SIDE_STYLE ('',( #353 ) ) ;
#879 = UNCERTAINTY_MEASURE_WITH_UNIT (LENGTH_MEASURE( 1.000000000000000082E-05 ), #2022, 'distance_accuracy_value', 'NONE');
#880 = FILL_AREA_STYLE_COLOUR ( '', #2066 ) ;
#881 = FILL_AREA_STYLE_COLOUR ( '', #224 ) ;
#882 = DIRECTION ( 'NONE',  ( 1.000000000000000000, 0.000000000000000000, 0.000000000000000000 ) ) ;
#883 = AXIS2_PLACEMENT_3D ( 'NONE', #923, #2189, #1643 ) ;
#884 = MECHANICAL_DESIGN_GEOMETRIC_PRESENTATION_REPRESENTATION (  '', ( #155 ), #2035 ) ;
#885 = ORIENTED_EDGE ( 'NONE', *, *, #204, .F. ) ;
#886 =( NAMED_UNIT ( * ) PLANE_ANGLE_UNIT ( ) SI_UNIT ( $, .RADIAN. ) );
#887 = SURFACE_STYLE_FILL_AREA ( #1772 ) ;
#888 = FACE_OUTER_BOUND ( 'NONE', #1097, .T. ) ;
#889 = CARTESIAN_POINT ( 'NONE',  ( 4.169999999999999929, -2.180000000000000160, 4.330000000000000071 ) ) ;
#890 = FACE_OUTER_BOUND ( 'NONE', #399, .T. ) ;
#891 = EDGE_CURVE ( 'NONE', #100, #2254, #1147, .T. ) ;
#892 = SURFACE_STYLE_FILL_AREA ( #682 ) ;
#893 = SURFACE_SIDE_STYLE ('',( #1236 ) ) ;
#894 = VERTEX_POINT ( 'NONE', #889 ) ;
#895 = DIRECTION ( 'NONE',  ( 0.000000000000000000, -1.000000000000000000, 1.224646799147353207E-16 ) ) ;
#896 = DIRECTION ( 'NONE',  ( 0.000000000000000000, 0.000000000000000000, 1.000000000000000000 ) ) ;
#897 = CIRCLE ( 'NONE', #20, 0.2500000000000003331 ) ;
#898 = DIRECTION ( 'NONE',  ( 0.000000000000000000, 0.000000000000000000, 1.000000000000000000 ) ) ;
#899 = PLANE ( 'NONE',  #2100 ) ;
#900 = EDGE_CURVE ( 'NONE', #1155, #1461, #503, .T. ) ;
#901 = SURFACE_STYLE_FILL_AREA ( #857 ) ;
#902 =( GEOMETRIC_REPRESENTATION_CONTEXT ( 3 ) GLOBAL_UNCERTAINTY_ASSIGNED_CONTEXT ( ( #1537 ) ) GLOBAL_UNIT_ASSIGNED_CONTEXT ( ( #1281, #537, #1825 ) ) REPRESENTATION_CONTEXT ( 'NONE', 'WORKASPACE' ) );
#903 =( LENGTH_UNIT ( ) NAMED_UNIT ( * ) SI_UNIT ( .MILLI., .METRE. ) );
#904 = PRESENTATION_LAYER_ASSIGNMENT (  '', '', ( #1945 ) ) ;
#905 = VERTEX_POINT ( 'NONE', #16 ) ;
#906 = PRESENTATION_STYLE_ASSIGNMENT (( #1810 ) ) ;
#907 = PLANE ( 'NONE',  #753 ) ;
#908 = SURFACE_STYLE_FILL_AREA ( #1282 ) ;
#909 = FILL_AREA_STYLE ('',( #877 ) ) ;
#910 = EDGE_CURVE ( 'NONE', #622, #815, #2032, .T. ) ;
#911 = ORIENTED_EDGE ( 'NONE', *, *, #520, .T. ) ;
#912 =( NAMED_UNIT ( * ) SI_UNIT ( $, .STERADIAN. ) SOLID_ANGLE_UNIT ( ) );
#913 = CARTESIAN_POINT ( 'NONE',  ( -2.890000000000000124, -2.580000000000000515, 0.9199999999999993738 ) ) ;
#914 = CYLINDRICAL_SURFACE ( 'NONE', #1798, 0.2500000000000002220 ) ;
#915 = SURFACE_STYLE_FILL_AREA ( #215 ) ;
#916 = DIRECTION ( 'NONE',  ( -0.000000000000000000, 3.011672701348622990E-16, 1.000000000000000000 ) ) ;
#917 = EDGE_CURVE ( 'NONE', #2251, #2263, #1926, .T. ) ;
#918 = EDGE_LOOP ( 'NONE', ( #1324, #1371, #323, #1942 ) ) ;
#919 =( LENGTH_UNIT ( ) NAMED_UNIT ( * ) SI_UNIT ( .MILLI., .METRE. ) );
#920 = CIRCLE ( 'NONE', #771, 1.880000000000000115 ) ;
#921 = DIRECTION ( 'NONE',  ( 0.000000000000000000, -1.000000000000000000, 0.000000000000000000 ) ) ;
#922 = PRESENTATION_LAYER_ASSIGNMENT (  '', '', ( #155 ) ) ;
#923 = CARTESIAN_POINT ( 'NONE',  ( 2.889999999999999680, 2.586369445532682231E-16, 7.349999999999999645 ) ) ;
#924 = AXIS2_PLACEMENT_3D ( 'NONE', #1442, #1080, #1621 ) ;
#925 = UNCERTAINTY_MEASURE_WITH_UNIT (LENGTH_MEASURE( 1.000000000000000082E-05 ), #136, 'distance_accuracy_value', 'NONE');
#926 =( NAMED_UNIT ( * ) SI_UNIT ( $, .STERADIAN. ) SOLID_ANGLE_UNIT ( ) );
#927 = DIRECTION ( 'NONE',  ( -0.000000000000000000, -1.000000000000000000, -0.000000000000000000 ) ) ;
#928 = UNCERTAINTY_MEASURE_WITH_UNIT (LENGTH_MEASURE( 1.000000000000000082E-05 ), #2221, 'distance_accuracy_value', 'NONE');
#929 = SURFACE_STYLE_FILL_AREA ( #2160 ) ;
#930 = DIRECTION ( 'NONE',  ( 1.000000000000000000, 0.000000000000000000, 0.000000000000000000 ) ) ;
#931 = CARTESIAN_POINT ( 'NONE',  ( -2.889999999999999680, -1.880000000000000338, 7.349999999999999645 ) ) ;
#932 = APPLICATION_PROTOCOL_DEFINITION ( 'draft international standard', 'automotive_design', 1998, #501 ) ;
#933 = ORIENTED_EDGE ( 'NONE', *, *, #358, .T. ) ;
#934 = SURFACE_SIDE_STYLE ('',( #2130 ) ) ;
#935 = DIRECTION ( 'NONE',  ( 0.000000000000000000, -1.000000000000000000, 0.000000000000000000 ) ) ;
#936 = MECHANICAL_DESIGN_GEOMETRIC_PRESENTATION_REPRESENTATION (  '', ( #820 ), #336 ) ;
#937 = MANIFOLD_SOLID_BREP ( 'Fillet4', #1009 ) ;
#938 = FILL_AREA_STYLE ('',( #598 ) ) ;
#939 = ORIENTED_EDGE ( 'NONE', *, *, #241, .T. ) ;
#940 = SURFACE_STYLE_USAGE ( .BOTH. , #587 ) ;
#941 =( GEOMETRIC_REPRESENTATION_CONTEXT ( 3 ) GLOBAL_UNCERTAINTY_ASSIGNED_CONTEXT ( ( #1720 ) ) GLOBAL_UNIT_ASSIGNED_CONTEXT ( ( #429, #1890, #801 ) ) REPRESENTATION_CONTEXT ( 'NONE', 'WORKASPACE' ) );
#942 = FILL_AREA_STYLE_COLOUR ( '', #1429 ) ;
#943 =( NAMED_UNIT ( * ) PLANE_ANGLE_UNIT ( ) SI_UNIT ( $, .RADIAN. ) );
#944 = FILL_AREA_STYLE_COLOUR ( '', #2057 ) ;
#945 =( GEOMETRIC_REPRESENTATION_CONTEXT ( 3 ) GLOBAL_UNCERTAINTY_ASSIGNED_CONTEXT ( ( #1259 ) ) GLOBAL_UNIT_ASSIGNED_CONTEXT ( ( #391, #2173, #2212 ) ) REPRESENTATION_CONTEXT ( 'NONE', 'WORKASPACE' ) );
#946 = EDGE_CURVE ( 'NONE', #1483, #840, #38, .T. ) ;
#947 = VECTOR ( 'NONE', #713, 1000.000000000000000 ) ;
#948 = ORIENTED_EDGE ( 'NONE', *, *, #1973, .T. ) ;
#949 =( NAMED_UNIT ( * ) SI_UNIT ( $, .STERADIAN. ) SOLID_ANGLE_UNIT ( ) );
#950 = CARTESIAN_POINT ( 'NONE',  ( -4.169999999999999929, -1.880000000000000338, 1.700000000000000622 ) ) ;
#951 = EDGE_CURVE ( 'NONE', #1048, #425, #920, .T. ) ;
#952 = LINE ( 'NONE', #2167, #2174 ) ;
#953 = ADVANCED_FACE ( 'NONE', ( #1753 ), #180, .T. ) ;
#954 = EDGE_LOOP ( 'NONE', ( #1544, #843, #82, #1988, #1934, #1640, #506 ) ) ;
#955 = CARTESIAN_POINT ( 'NONE',  ( 2.890000000000000124, -2.580000000000000515, 1.069999999999999840 ) ) ;
#956 = FACE_OUTER_BOUND ( 'NONE', #826, .T. ) ;
#957 = LINE ( 'NONE', #1466, #765 ) ;
#958 = UNCERTAINTY_MEASURE_WITH_UNIT (LENGTH_MEASURE( 1.000000000000000082E-05 ), #426, 'distance_accuracy_value', 'NONE');
#959 = PRESENTATION_STYLE_ASSIGNMENT (( #615 ) ) ;
#960 = PRESENTATION_LAYER_ASSIGNMENT (  '', '', ( #648 ) ) ;
#961 = VERTEX_POINT ( 'NONE', #1858 ) ;
#962 = SURFACE_STYLE_USAGE ( .BOTH. , #72 ) ;
#963 = FILL_AREA_STYLE_COLOUR ( '', #97 ) ;
#964 = VERTEX_POINT ( 'NONE', #84 ) ;
#965 = VECTOR ( 'NONE', #2123, 1000.000000000000000 ) ;
#966 =( NAMED_UNIT ( * ) PLANE_ANGLE_UNIT ( ) SI_UNIT ( $, .RADIAN. ) );
#967 = PRESENTATION_STYLE_ASSIGNMENT (( #2172 ) ) ;
#968 = VECTOR ( 'NONE', #650, 1000.000000000000000 ) ;
#969 = EDGE_CURVE ( 'NONE', #2254, #582, #684, .T. ) ;
#970 = EDGE_LOOP ( 'NONE', ( #349, #1251, #1992, #1557 ) ) ;
#971 = DIRECTION ( 'NONE',  ( 1.000000000000000000, 0.000000000000000000, 0.000000000000000000 ) ) ;
#972 = FILL_AREA_STYLE ('',( #2045 ) ) ;
#973 = CARTESIAN_POINT ( 'NONE',  ( -2.890000000000000124, -1.880000000000000338, 1.069999999999999840 ) ) ;
#974 = ORIENTED_EDGE ( 'NONE', *, *, #1564, .F. ) ;
#975 = FILL_AREA_STYLE ('',( #1708 ) ) ;
#976 =( LENGTH_UNIT ( ) NAMED_UNIT ( * ) SI_UNIT ( .MILLI., .METRE. ) );
#977 = AXIS2_PLACEMENT_3D ( 'NONE', #1444, #547, #2139 ) ;
#978 =( LENGTH_UNIT ( ) NAMED_UNIT ( * ) SI_UNIT ( .MILLI., .METRE. ) );
#979 = COLOUR_RGB ( '',0.8980392156862745390, 0.9176470588235293713, 0.9294117647058823817 ) ;
#980 = COLOUR_RGB ( '',0.05882352941176470507, 0.05882352941176470507, 0.05882352941176470507 ) ;
#981 = ORIENTED_EDGE ( 'NONE', *, *, #900, .T. ) ;
#982 = FILL_AREA_STYLE ('',( #2044 ) ) ;
#983 = COLOUR_RGB ( '',0.05882352941176470507, 0.05882352941176470507, 0.05882352941176470507 ) ;
#984 = ORIENTED_EDGE ( 'NONE', *, *, #1057, .T. ) ;
#985 = FILL_AREA_STYLE_COLOUR ( '', #1857 ) ;
#986 = EDGE_CURVE ( 'NONE', #698, #536, #1108, .T. ) ;
#987 =( LENGTH_UNIT ( ) NAMED_UNIT ( * ) SI_UNIT ( .MILLI., .METRE. ) );
#988 =( NAMED_UNIT ( * ) PLANE_ANGLE_UNIT ( ) SI_UNIT ( $, .RADIAN. ) );
#989 = CARTESIAN_POINT ( 'NONE',  ( -2.889999999999999680, -1.279999999999999361, 1.400000000000000133 ) ) ;
#990 = ORIENTED_EDGE ( 'NONE', *, *, #1937, .F. ) ;
#991 = DIRECTION ( 'NONE',  ( 0.000000000000000000, 0.000000000000000000, -1.000000000000000000 ) ) ;
#992 = CARTESIAN_POINT ( 'NONE',  ( 2.745000000000000551, 4.943996045045865550E-16, 14.14677129231225727 ) ) ;
#993 = FILL_AREA_STYLE ('',( #272 ) ) ;
#994 = ORIENTED_EDGE ( 'NONE', *, *, #776, .T. ) ;
#995 = PRESENTATION_STYLE_ASSIGNMENT (( #283 ) ) ;
#996 = EDGE_CURVE ( 'NONE', #2263, #964, #1813, .T. ) ;
#997 = ORIENTED_EDGE ( 'NONE', *, *, #1195, .F. ) ;
#998 = UNCERTAINTY_MEASURE_WITH_UNIT (LENGTH_MEASURE( 1.000000000000000082E-05 ), #1929, 'distance_accuracy_value', 'NONE');
#999 = COLOUR_RGB ( '',0.8980392156862745390, 0.9176470588235293713, 0.9294117647058823817 ) ;
#1000 = DIRECTION ( 'NONE',  ( -0.000000000000000000, 1.000000000000000000, -3.011672701348623483E-16 ) ) ;
#1001 = COLOUR_RGB ( '',0.8980392156862745390, 0.9176470588235293713, 0.9294117647058823817 ) ;
#1002 = PLANE ( 'NONE',  #1087 ) ;
#1003 = VERTEX_POINT ( 'NONE', #243 ) ;
#1004 = FACE_OUTER_BOUND ( 'NONE', #2064, .T. ) ;
#1005 = ORIENTED_EDGE ( 'NONE', *, *, #772, .T. ) ;
#1006 =( NAMED_UNIT ( * ) SI_UNIT ( $, .STERADIAN. ) SOLID_ANGLE_UNIT ( ) );
#1007 = ORIENTED_EDGE ( 'NONE', *, *, #1769, .T. ) ;
#1008 = SURFACE_STYLE_USAGE ( .BOTH. , #2225 ) ;
#1009 = CLOSED_SHELL ( 'NONE', ( #130, #711, #593, #1271, #1303, #103, #2235, #694, #477, #2170, #573, #1025, #725, #793, #1885, #1626, #1865, #1020, #2231, #816, #378, #111, #169, #2077, #1416, #297, #2046, #1589, #296, #1321, #2237, #1181, #1715, #9, #1167, #56, #1139, #2272, #1850, #2028, #153, #1440, #1237, #1596, #668, #1470, #1228, #953, #2059, #1026 ) ) ;
#1010 = AXIS2_PLACEMENT_3D ( 'NONE', #1128, #534, #737 ) ;
#1011 = FILL_AREA_STYLE_COLOUR ( '', #2017 ) ;
#1012 = SURFACE_STYLE_USAGE ( .BOTH. , #1199 ) ;
#1013 = FILL_AREA_STYLE_COLOUR ( '', #176 ) ;
#1014 = VERTEX_POINT ( 'NONE', #1301 ) ;
#1015 = DIRECTION ( 'NONE',  ( 0.000000000000000000, -1.000000000000000000, 0.000000000000000000 ) ) ;
#1016 = AXIS2_PLACEMENT_3D ( 'NONE', #2055, #1068, #2093 ) ;
#1017 = FACE_OUTER_BOUND ( 'NONE', #326, .T. ) ;
#1018 = PRESENTATION_LAYER_ASSIGNMENT (  '', '', ( #1203 ) ) ;
#1019 = ORIENTED_EDGE ( 'NONE', *, *, #1773, .T. ) ;
#1020 = ADVANCED_FACE ( 'NONE', ( #1495 ), #1283, .F. ) ;
#1021 = VERTEX_POINT ( 'NONE', #1471 ) ;
#1022 = CIRCLE ( 'NONE', #829, 0.1500000000000003830 ) ;
#1023 = EDGE_CURVE ( 'NONE', #246, #282, #952, .T. ) ;
#1024 =( GEOMETRIC_REPRESENTATION_CONTEXT ( 3 ) GLOBAL_UNCERTAINTY_ASSIGNED_CONTEXT ( ( #1362 ) ) GLOBAL_UNIT_ASSIGNED_CONTEXT ( ( #778, #1488, #267 ) ) REPRESENTATION_CONTEXT ( 'NONE', 'WORKASPACE' ) );
#1025 = ADVANCED_FACE ( 'NONE', ( #1096 ), #584, .T. ) ;
#1026 = ADVANCED_FACE ( 'NONE', ( #1017 ), #295, .T. ) ;
#1027 = SURFACE_STYLE_USAGE ( .BOTH. , #1179 ) ;
#1028 = UNCERTAINTY_MEASURE_WITH_UNIT (LENGTH_MEASURE( 1.000000000000000082E-05 ), #1783, 'distance_accuracy_value', 'NONE');
#1029 =( NAMED_UNIT ( * ) SI_UNIT ( $, .STERADIAN. ) SOLID_ANGLE_UNIT ( ) );
#1030 =( NAMED_UNIT ( * ) SI_UNIT ( $, .STERADIAN. ) SOLID_ANGLE_UNIT ( ) );
#1031 = EDGE_LOOP ( 'NONE', ( #446, #514, #1, #300 ) ) ;
#1032 = ORIENTED_EDGE ( 'NONE', *, *, #1635, .T. ) ;
#1033 = STYLED_ITEM ( 'NONE', ( #1441 ), #153 ) ;
#1034 = SURFACE_SIDE_STYLE ('',( #160 ) ) ;
#1035 = AXIS2_PLACEMENT_3D ( 'NONE', #856, #481, #835 ) ;
#1036 = EDGE_CURVE ( 'NONE', #1379, #1227, #1524, .T. ) ;
#1037 = SURFACE_STYLE_USAGE ( .BOTH. , #1558 ) ;
#1038 = CIRCLE ( 'NONE', #1743, 0.1000000000000000472 ) ;
#1039 = CIRCLE ( 'NONE', #45, 0.8500000000000004219 ) ;
#1040 = AXIS2_PLACEMENT_3D ( 'NONE', #495, #1889, #322 ) ;
#1041 = EDGE_LOOP ( 'NONE', ( #1019, #1895, #674, #433, #1951 ) ) ;
#1042 = CARTESIAN_POINT ( 'NONE',  ( -2.889999999999999680, 1.880000000000000338, 7.349999999999999645 ) ) ;
#1043 = VERTEX_POINT ( 'NONE', #393 ) ;
#1044 = CARTESIAN_POINT ( 'NONE',  ( -2.889999999999999680, 1.279999999999999361, 1.400000000000000133 ) ) ;
#1045 = VECTOR ( 'NONE', #2110, 1000.000000000000000 ) ;
#1046 = LINE ( 'NONE', #304, #407 ) ;
#1047 = LINE ( 'NONE', #673, #1841 ) ;
#1048 = VERTEX_POINT ( 'NONE', #2140 ) ;
#1049 = DIRECTION ( 'NONE',  ( 1.000000000000000000, 0.000000000000000000, -0.000000000000000000 ) ) ;
#1050 =( GEOMETRIC_REPRESENTATION_CONTEXT ( 3 ) GLOBAL_UNCERTAINTY_ASSIGNED_CONTEXT ( ( #1518 ) ) GLOBAL_UNIT_ASSIGNED_CONTEXT ( ( #595, #1182, #83 ) ) REPRESENTATION_CONTEXT ( 'NONE', 'WORKASPACE' ) );
#1051 = ORIENTED_EDGE ( 'NONE', *, *, #900, .F. ) ;
#1052 = AXIS2_PLACEMENT_3D ( 'NONE', #1737, #1731, #827 ) ;
#1053 = VECTOR ( 'NONE', #814, 1000.000000000000000 ) ;
#1054 =( NAMED_UNIT ( * ) PLANE_ANGLE_UNIT ( ) SI_UNIT ( $, .RADIAN. ) );
#1055 = MECHANICAL_DESIGN_GEOMETRIC_PRESENTATION_REPRESENTATION (  '', ( #638 ), #1653 ) ;
#1056 =( LENGTH_UNIT ( ) NAMED_UNIT ( * ) SI_UNIT ( .MILLI., .METRE. ) );
#1057 = EDGE_CURVE ( 'NONE', #840, #1834, #1625, .T. ) ;
#1058 = ORIENTED_EDGE ( 'NONE', *, *, #736, .F. ) ;
#1059 = PLANE ( 'NONE',  #133 ) ;
#1060 = DIRECTION ( 'NONE',  ( -0.000000000000000000, 1.000000000000000000, -0.000000000000000000 ) ) ;
#1061 = VERTEX_POINT ( 'NONE', #1092 ) ;
#1062 = DIRECTION ( 'NONE',  ( 0.000000000000000000, 0.000000000000000000, -1.000000000000000000 ) ) ;
#1063 = EDGE_CURVE ( 'NONE', #1679, #2089, #1928, .T. ) ;
#1064 = MECHANICAL_DESIGN_GEOMETRIC_PRESENTATION_REPRESENTATION (  '', ( #1662 ), #2128 ) ;
#1065 = PLANE ( 'NONE',  #2211 ) ;
#1066 = UNCERTAINTY_MEASURE_WITH_UNIT (LENGTH_MEASURE( 1.000000000000000082E-05 ), #1138, 'distance_accuracy_value', 'NONE');
#1067 =( LENGTH_UNIT ( ) NAMED_UNIT ( * ) SI_UNIT ( .MILLI., .METRE. ) );
#1068 = DIRECTION ( 'NONE',  ( 0.000000000000000000, 0.000000000000000000, 1.000000000000000000 ) ) ;
#1069 = LINE ( 'NONE', #55, #672 ) ;
#1070 = AXIS2_PLACEMENT_3D ( 'NONE', #1146, #412, #1658 ) ;
#1071 = VECTOR ( 'NONE', #33, 1000.000000000000000 ) ;
#1072 = EDGE_LOOP ( 'NONE', ( #2016, #1880, #1077, #488, #1933 ) ) ;
#1073 = CARTESIAN_POINT ( 'NONE',  ( -2.745000000000000551, 0.6000000000000004219, 7.349999999999999645 ) ) ;
#1074 = CARTESIAN_POINT ( 'NONE',  ( -4.169999999999999929, -1.880000000000000338, 2.486033002269127176E-16 ) ) ;
#1075 = PRESENTATION_LAYER_ASSIGNMENT (  '', '', ( #2142 ) ) ;
#1076 = EDGE_CURVE ( 'NONE', #229, #2119, #1308, .T. ) ;
#1077 = ORIENTED_EDGE ( 'NONE', *, *, #1405, .F. ) ;
#1078 = PRESENTATION_STYLE_ASSIGNMENT (( #368 ) ) ;
#1079 = STYLED_ITEM ( 'NONE', ( #17 ), #477 ) ;
#1080 = DIRECTION ( 'NONE',  ( 0.000000000000000000, 0.000000000000000000, 1.000000000000000000 ) ) ;
#1081 = FACE_OUTER_BOUND ( 'NONE', #1580, .T. ) ;
#1082 = ORIENTED_EDGE ( 'NONE', *, *, #181, .F. ) ;
#1083 = DIRECTION ( 'NONE',  ( 1.000000000000000000, 0.000000000000000000, -0.000000000000000000 ) ) ;
#1084 = DIRECTION ( 'NONE',  ( 1.000000000000000000, 0.000000000000000000, -0.000000000000000000 ) ) ;
#1085 = FACE_OUTER_BOUND ( 'NONE', #918, .T. ) ;
#1086 = MECHANICAL_DESIGN_GEOMETRIC_PRESENTATION_REPRESENTATION (  '', ( #1166 ), #597 ) ;
#1087 = AXIS2_PLACEMENT_3D ( 'NONE', #8, #31, #719 ) ;
#1088 = CARTESIAN_POINT ( 'NONE',  ( 2.890000000000000124, -1.880000000000000338, 1.069999999999999840 ) ) ;
#1089 =( GEOMETRIC_REPRESENTATION_CONTEXT ( 3 ) GLOBAL_UNCERTAINTY_ASSIGNED_CONTEXT ( ( #1028 ) ) GLOBAL_UNIT_ASSIGNED_CONTEXT ( ( #1783, #1604, #700 ) ) REPRESENTATION_CONTEXT ( 'NONE', 'WORKASPACE' ) );
#1090 =( NAMED_UNIT ( * ) SI_UNIT ( $, .STERADIAN. ) SOLID_ANGLE_UNIT ( ) );
#1091 = DIRECTION ( 'NONE',  ( 0.000000000000000000, -1.000000000000000000, 0.000000000000000000 ) ) ;
#1092 = CARTESIAN_POINT ( 'NONE',  ( -2.889999999999999680, -1.279999999999999361, 7.349999999999999645 ) ) ;
#1093 = CARTESIAN_POINT ( 'NONE',  ( -4.169999999999999929, 2.571758278209441957E-16, 5.729999999999999538 ) ) ;
#1094 = VECTOR ( 'NONE', #882, 1000.000000000000000 ) ;
#1095 = ORIENTED_EDGE ( 'NONE', *, *, #1955, .F. ) ;
#1096 = FACE_OUTER_BOUND ( 'NONE', #2191, .T. ) ;
#1097 = EDGE_LOOP ( 'NONE', ( #990, #876, #2220, #1590 ) ) ;
#1098 = APPLICATION_CONTEXT ( 'automotive_design' ) ;
#1099 = FILL_AREA_STYLE_COLOUR ( '', #119 ) ;
#1100 = MECHANICAL_DESIGN_GEOMETRIC_PRESENTATION_REPRESENTATION (  '', ( #218 ), #1180 ) ;
#1101 = DIRECTION ( 'NONE',  ( 0.000000000000000000, 1.000000000000000000, 0.000000000000000000 ) ) ;
#1102 = DIRECTION ( 'NONE',  ( -1.000000000000000000, -0.000000000000000000, 0.000000000000000000 ) ) ;
#1103 = DIRECTION ( 'NONE',  ( -0.000000000000000000, -0.000000000000000000, -1.000000000000000000 ) ) ;
#1104 = DIRECTION ( 'NONE',  ( -0.000000000000000000, -0.000000000000000000, -1.000000000000000000 ) ) ;
#1105 = ORIENTED_EDGE ( 'NONE', *, *, #951, .F. ) ;
#1106 = FACE_OUTER_BOUND ( 'NONE', #1031, .T. ) ;
#1107 = CARTESIAN_POINT ( 'NONE',  ( -2.890000000000000124, -2.680000000000000604, 1.069999999999999840 ) ) ;
#1108 = CIRCLE ( 'NONE', #728, 0.2500000000000002220 ) ;
#1109 = VECTOR ( 'NONE', #1744, 1000.000000000000000 ) ;
#1110 =( LENGTH_UNIT ( ) NAMED_UNIT ( * ) SI_UNIT ( .MILLI., .METRE. ) );
#1111 = CIRCLE ( 'NONE', #195, 0.6000000000000003109 ) ;
#1112 = UNCERTAINTY_MEASURE_WITH_UNIT (LENGTH_MEASURE( 1.000000000000000082E-05 ), #661, 'distance_accuracy_value', 'NONE');
#1113 = LINE ( 'NONE', #1340, #1355 ) ;
#1114 = EDGE_CURVE ( 'NONE', #1302, #536, #383, .T. ) ;
#1115 = CARTESIAN_POINT ( 'NONE',  ( 4.769999999999999574, -2.180000000000000604, 5.029999999999999361 ) ) ;
#1116 = CYLINDRICAL_SURFACE ( 'NONE', #1010, 1.880000000000000115 ) ;
#1117 = EDGE_CURVE ( 'NONE', #2003, #2144, #40, .T. ) ;
#1118 =( NAMED_UNIT ( * ) SI_UNIT ( $, .STERADIAN. ) SOLID_ANGLE_UNIT ( ) );
#1119 = EDGE_CURVE ( 'NONE', #469, #1738, #1987, .T. ) ;
#1120 = ORIENTED_EDGE ( 'NONE', *, *, #1076, .T. ) ;
#1121 =( LENGTH_UNIT ( ) NAMED_UNIT ( * ) SI_UNIT ( .MILLI., .METRE. ) );
#1122 = LINE ( 'NONE', #2219, #1401 ) ;
#1123 = PRESENTATION_STYLE_ASSIGNMENT (( #1503 ) ) ;
#1124 = CIRCLE ( 'NONE', #203, 0.1000000000000000472 ) ;
#1125 = MECHANICAL_DESIGN_GEOMETRIC_PRESENTATION_REPRESENTATION (  '', ( #168 ), #556 ) ;
#1126 =( NAMED_UNIT ( * ) SI_UNIT ( $, .STERADIAN. ) SOLID_ANGLE_UNIT ( ) );
#1127 = AXIS2_PLACEMENT_3D ( 'NONE', #1530, #621, #1325 ) ;
#1128 = CARTESIAN_POINT ( 'NONE',  ( -2.889999999999999680, 2.594025392345131626E-16, 7.349999999999999645 ) ) ;
#1129 = FACE_OUTER_BOUND ( 'NONE', #1399, .T. ) ;
#1130 = STYLED_ITEM ( 'NONE', ( #41 ), #296 ) ;
#1131 = MECHANICAL_DESIGN_GEOMETRIC_PRESENTATION_REPRESENTATION (  '', ( #1839 ), #458 ) ;
#1132 = STYLED_ITEM ( 'NONE', ( #1601 ), #1850 ) ;
#1133 = VERTEX_POINT ( 'NONE', #1638 ) ;
#1134 = CARTESIAN_POINT ( 'NONE',  ( -4.169999999999999929, -2.030000000000000249, 0.8500000000000003109 ) ) ;
#1135 = CARTESIAN_POINT ( 'NONE',  ( -2.745000000000000551, 0.6000000000000004219, 7.349999999999999645 ) ) ;
#1136 =( NAMED_UNIT ( * ) SI_UNIT ( $, .STERADIAN. ) SOLID_ANGLE_UNIT ( ) );
#1137 = EDGE_LOOP ( 'NONE', ( #2069, #146, #759, #1058 ) ) ;
#1138 =( LENGTH_UNIT ( ) NAMED_UNIT ( * ) SI_UNIT ( .MILLI., .METRE. ) );
#1139 = ADVANCED_FACE ( 'NONE', ( #236 ), #1806, .F. ) ;
#1140 = DIRECTION ( 'NONE',  ( 0.000000000000000000, 0.000000000000000000, 1.000000000000000000 ) ) ;
#1141 = UNCERTAINTY_MEASURE_WITH_UNIT (LENGTH_MEASURE( 1.000000000000000082E-05 ), #1664, 'distance_accuracy_value', 'NONE');
#1142 = AXIS2_PLACEMENT_3D ( 'NONE', #2058, #466, #652 ) ;
#1143 = CARTESIAN_POINT ( 'NONE',  ( 4.769999999999999574, 0.000000000000000000, 0.000000000000000000 ) ) ;
#1144 = ORIENTED_EDGE ( 'NONE', *, *, #1023, .F. ) ;
#1145 = DIRECTION ( 'NONE',  ( -1.000000000000000000, 0.000000000000000000, 0.000000000000000000 ) ) ;
#1146 = CARTESIAN_POINT ( 'NONE',  ( -2.890000000000000124, -2.680000000000000604, 1.069999999999999840 ) ) ;
#1147 = CIRCLE ( 'NONE', #436, 0.1500000000000003830 ) ;
#1148 = ORIENTED_EDGE ( 'NONE', *, *, #946, .T. ) ;
#1149 = SURFACE_STYLE_USAGE ( .BOTH. , #1869 ) ;
#1150 = ORIENTED_EDGE ( 'NONE', *, *, #1973, .F. ) ;
#1151 = CIRCLE ( 'NONE', #1035, 0.2500000000000002220 ) ;
#1152 = FACE_OUTER_BOUND ( 'NONE', #351, .T. ) ;
#1153 = STYLED_ITEM ( 'NONE', ( #1802 ), #668 ) ;
#1154 = DIRECTION ( 'NONE',  ( -1.000000000000000000, 0.000000000000000000, 0.000000000000000000 ) ) ;
#1155 = VERTEX_POINT ( 'NONE', #733 ) ;
#1156 = CARTESIAN_POINT ( 'NONE',  ( -4.769999999999999574, 0.000000000000000000, 0.000000000000000000 ) ) ;
#1157 =( NAMED_UNIT ( * ) PLANE_ANGLE_UNIT ( ) SI_UNIT ( $, .RADIAN. ) );
#1158 = EDGE_CURVE ( 'NONE', #475, #582, #1820, .T. ) ;
#1159 = LINE ( 'NONE', #1350, #559 ) ;
#1160 = ORIENTED_EDGE ( 'NONE', *, *, #1446, .F. ) ;
#1161 = CARTESIAN_POINT ( 'NONE',  ( -4.169999999999999929, -1.880000000000000338, 5.729999999999999538 ) ) ;
#1162 = MECHANICAL_DESIGN_GEOMETRIC_PRESENTATION_REPRESENTATION (  '', ( #862 ), #22 ) ;
#1163 = DIRECTION ( 'NONE',  ( 0.000000000000000000, 0.000000000000000000, 1.000000000000000000 ) ) ;
#1164 = VECTOR ( 'NONE', #149, 1000.000000000000000 ) ;
#1165 =( NAMED_UNIT ( * ) SI_UNIT ( $, .STERADIAN. ) SOLID_ANGLE_UNIT ( ) );
#1166 = STYLED_ITEM ( 'NONE', ( #967 ), #1271 ) ;
#1167 = ADVANCED_FACE ( 'NONE', ( #1452 ), #899, .T. ) ;
#1168 = CYLINDRICAL_SURFACE ( 'NONE', #824, 1.880000000000000338 ) ;
#1169 = PRESENTATION_STYLE_ASSIGNMENT (( #962 ) ) ;
#1170 = VECTOR ( 'NONE', #2061, 1000.000000000000000 ) ;
#1171 = VECTOR ( 'NONE', #709, 1000.000000000000000 ) ;
#1172 = ORIENTED_EDGE ( 'NONE', *, *, #225, .F. ) ;
#1173 = SURFACE_STYLE_FILL_AREA ( #455 ) ;
#1174 = MECHANICAL_DESIGN_GEOMETRIC_PRESENTATION_REPRESENTATION (  '', ( #569 ), #1296 ) ;
#1175 = ORIENTED_EDGE ( 'NONE', *, *, #811, .F. ) ;
#1176 = CARTESIAN_POINT ( 'NONE',  ( -4.169999999999999929, -1.880000000000000338, 1.700000000000000622 ) ) ;
#1177 = DIRECTION ( 'NONE',  ( 0.000000000000000000, 0.000000000000000000, 1.000000000000000000 ) ) ;
#1178 =( NAMED_UNIT ( * ) PLANE_ANGLE_UNIT ( ) SI_UNIT ( $, .RADIAN. ) );
#1179 = SURFACE_SIDE_STYLE ('',( #1212 ) ) ;
#1180 =( GEOMETRIC_REPRESENTATION_CONTEXT ( 3 ) GLOBAL_UNCERTAINTY_ASSIGNED_CONTEXT ( ( #213 ) ) GLOBAL_UNIT_ASSIGNED_CONTEXT ( ( #822, #1521, #1165 ) ) REPRESENTATION_CONTEXT ( 'NONE', 'WORKASPACE' ) );
#1181 = ADVANCED_FACE ( 'NONE', ( #1245 ), #342, .F. ) ;
#1182 =( NAMED_UNIT ( * ) PLANE_ANGLE_UNIT ( ) SI_UNIT ( $, .RADIAN. ) );
#1183 = VECTOR ( 'NONE', #2020, 1000.000000000000000 ) ;
#1184 = DIRECTION ( 'NONE',  ( -0.000000000000000000, -0.000000000000000000, -1.000000000000000000 ) ) ;
#1185 = ORIENTED_EDGE ( 'NONE', *, *, #917, .T. ) ;
#1186 = ORIENTED_EDGE ( 'NONE', *, *, #1513, .T. ) ;
#1187 = UNCERTAINTY_MEASURE_WITH_UNIT (LENGTH_MEASURE( 1.000000000000000082E-05 ), #572, 'distance_accuracy_value', 'NONE');
#1188 = FILL_AREA_STYLE ('',( #471 ) ) ;
#1189 = STYLED_ITEM ( 'NONE', ( #432 ), #1025 ) ;
#1190 = MECHANICAL_DESIGN_GEOMETRIC_PRESENTATION_REPRESENTATION (  '', ( #543 ), #1459 ) ;
#1191 =( NAMED_UNIT ( * ) PLANE_ANGLE_UNIT ( ) SI_UNIT ( $, .RADIAN. ) );
#1192 = EDGE_CURVE ( 'NONE', #2089, #317, #170, .T. ) ;
#1193 = VERTEX_POINT ( 'NONE', #138 ) ;
#1194 = DIRECTION ( 'NONE',  ( -0.000000000000000000, -0.000000000000000000, -1.000000000000000000 ) ) ;
#1195 = EDGE_CURVE ( 'NONE', #536, #698, #1151, .T. ) ;
#1196 = ORIENTED_EDGE ( 'NONE', *, *, #1747, .T. ) ;
#1197 = ORIENTED_EDGE ( 'NONE', *, *, #542, .F. ) ;
#1198 = FACE_OUTER_BOUND ( 'NONE', #1411, .T. ) ;
#1199 = SURFACE_SIDE_STYLE ('',( #642 ) ) ;
#1200 = DIRECTION ( 'NONE',  ( -0.000000000000000000, -0.000000000000000000, 1.000000000000000000 ) ) ;
#1201 = MECHANICAL_DESIGN_GEOMETRIC_PRESENTATION_REPRESENTATION (  '', ( #515 ), #941 ) ;
#1202 =( NAMED_UNIT ( * ) PLANE_ANGLE_UNIT ( ) SI_UNIT ( $, .RADIAN. ) );
#1203 = STYLED_ITEM ( 'NONE', ( #1375 ), #1237 ) ;
#1204 = ORIENTED_EDGE ( 'NONE', *, *, #685, .F. ) ;
#1205 = DIRECTION ( 'NONE',  ( 0.000000000000000000, 0.000000000000000000, 1.000000000000000000 ) ) ;
#1206 = DIRECTION ( 'NONE',  ( -0.000000000000000000, -0.000000000000000000, -1.000000000000000000 ) ) ;
#1207 = VERTEX_POINT ( 'NONE', #651 ) ;
#1208 = COLOUR_RGB ( '',0.8980392156862745390, 0.9176470588235293713, 0.9294117647058823817 ) ;
#1209 =( LENGTH_UNIT ( ) NAMED_UNIT ( * ) SI_UNIT ( .MILLI., .METRE. ) );
#1210 =( GEOMETRIC_REPRESENTATION_CONTEXT ( 3 ) GLOBAL_UNCERTAINTY_ASSIGNED_CONTEXT ( ( #1651 ) ) GLOBAL_UNIT_ASSIGNED_CONTEXT ( ( #654, #1202, #1539 ) ) REPRESENTATION_CONTEXT ( 'NONE', 'WORKASPACE' ) );
#1211 = EDGE_CURVE ( 'NONE', #760, #1216, #1403, .T. ) ;
#1212 = SURFACE_STYLE_FILL_AREA ( #1605 ) ;
#1213 = UNCERTAINTY_MEASURE_WITH_UNIT (LENGTH_MEASURE( 1.000000000000000082E-05 ), #303, 'distance_accuracy_value', 'NONE');
#1214 = ORIENTED_EDGE ( 'NONE', *, *, #969, .T. ) ;
#1215 = FILL_AREA_STYLE ('',( #1410 ) ) ;
#1216 = VERTEX_POINT ( 'NONE', #333 ) ;
#1217 =( NAMED_UNIT ( * ) PLANE_ANGLE_UNIT ( ) SI_UNIT ( $, .RADIAN. ) );
#1218 = DIRECTION ( 'NONE',  ( 0.000000000000000000, 0.000000000000000000, 1.000000000000000000 ) ) ;
#1219 = CARTESIAN_POINT ( 'NONE',  ( 4.169999999999999929, 0.000000000000000000, 4.330000000000000071 ) ) ;
#1220 = CARTESIAN_POINT ( 'NONE',  ( -2.890000000000000124, -2.680000000000000604, 1.069999999999999840 ) ) ;
#1221 = MECHANICAL_DESIGN_GEOMETRIC_PRESENTATION_REPRESENTATION (  '', ( #1960 ), #1816 ) ;
#1222 = FACE_OUTER_BOUND ( 'NONE', #1364, .T. ) ;
#1223 = COLOUR_RGB ( '',0.8980392156862745390, 0.9176470588235293713, 0.9294117647058823817 ) ;
#1224 = DIRECTION ( 'NONE',  ( -0.000000000000000000, -0.000000000000000000, -1.000000000000000000 ) ) ;
#1225 = DIRECTION ( 'NONE',  ( 0.000000000000000000, 1.000000000000000000, -3.011672701348622990E-16 ) ) ;
#1226 = STYLED_ITEM ( 'NONE', ( #354 ), #694 ) ;
#1227 = VERTEX_POINT ( 'NONE', #1910 ) ;
#1228 = ADVANCED_FACE ( 'NONE', ( #289 ), #2214, .T. ) ;
#1229 = VECTOR ( 'NONE', #1224, 1000.000000000000000 ) ;
#1230 = ORIENTED_EDGE ( 'NONE', *, *, #917, .F. ) ;
#1231 = SURFACE_STYLE_USAGE ( .BOTH. , #1450 ) ;
#1232 = DIRECTION ( 'NONE',  ( -1.694065894508599692E-16, 0.000000000000000000, 1.000000000000000000 ) ) ;
#1233 = DIRECTION ( 'NONE',  ( 0.000000000000000000, 0.000000000000000000, 1.000000000000000000 ) ) ;
#1234 = SURFACE_STYLE_FILL_AREA ( #1414 ) ;
#1235 = AXIS2_PLACEMENT_3D ( 'NONE', #810, #2183, #627 ) ;
#1236 = SURFACE_STYLE_FILL_AREA ( #511 ) ;
#1237 = ADVANCED_FACE ( 'NONE', ( #2067 ), #1002, .T. ) ;
#1238 = ORIENTED_EDGE ( 'NONE', *, *, #1647, .T. ) ;
#1239 = DIRECTION ( 'NONE',  ( 1.000000000000000000, 0.000000000000000000, 0.000000000000000000 ) ) ;
#1240 = LINE ( 'NONE', #2264, #344 ) ;
#1241 = TOROIDAL_SURFACE ( 'NONE', #1682, 0.1500000000000003275, 0.1000000000000000056 ) ;
#1242 = EDGE_LOOP ( 'NONE', ( #328, #129 ) ) ;
#1243 = PRESENTATION_STYLE_ASSIGNMENT (( #4 ) ) ;
#1244 = STYLED_ITEM ( 'NONE', ( #2120 ), #1470 ) ;
#1245 = FACE_OUTER_BOUND ( 'NONE', #1041, .T. ) ;
#1246 = DIRECTION ( 'NONE',  ( 0.000000000000000000, 0.000000000000000000, 1.000000000000000000 ) ) ;
#1247 = STYLED_ITEM ( 'NONE', ( #799 ), #1865 ) ;
#1248 = FACE_OUTER_BOUND ( 'NONE', #1137, .T. ) ;
#1249 = CARTESIAN_POINT ( 'NONE',  ( -4.769999999999999574, 0.000000000000000000, 4.330000000000000071 ) ) ;
#1250 = PRODUCT_RELATED_PRODUCT_CATEGORY ( 'part', '', ( #232 ) ) ;
#1251 = ORIENTED_EDGE ( 'NONE', *, *, #462, .F. ) ;
#1252 = CARTESIAN_POINT ( 'NONE',  ( 4.769999999999999574, 0.000000000000000000, 0.000000000000000000 ) ) ;
#1253 = CARTESIAN_POINT ( 'NONE',  ( -2.889999999999999680, 1.880000000000000338, 7.349999999999999645 ) ) ;
#1254 = CARTESIAN_POINT ( 'NONE',  ( 4.169999999999999929, 0.000000000000000000, 1.699999999999999956 ) ) ;
#1255 = DIRECTION ( 'NONE',  ( 0.000000000000000000, -1.000000000000000000, 3.460219699421822053E-16 ) ) ;
#1256 = COLOUR_RGB ( '',0.8980392156862745390, 0.9176470588235293713, 0.9294117647058823817 ) ;
#1257 = ORIENTED_EDGE ( 'NONE', *, *, #692, .F. ) ;
#1258 = SURFACE_STYLE_FILL_AREA ( #1273 ) ;
#1259 = UNCERTAINTY_MEASURE_WITH_UNIT (LENGTH_MEASURE( 1.000000000000000082E-05 ), #391, 'distance_accuracy_value', 'NONE');
#1260 =( NAMED_UNIT ( * ) SI_UNIT ( $, .STERADIAN. ) SOLID_ANGLE_UNIT ( ) );
#1261 = CARTESIAN_POINT ( 'NONE',  ( 2.889999999999999680, 2.586369445532682231E-16, 1.400000000000000133 ) ) ;
#1262 = FACE_OUTER_BOUND ( 'NONE', #158, .T. ) ;
#1263 = PLANE ( 'NONE',  #1981 ) ;
#1264 = MECHANICAL_DESIGN_GEOMETRIC_PRESENTATION_REPRESENTATION (  '', ( #1189 ), #366 ) ;
#1265 = COLOUR_RGB ( '',0.8980392156862745390, 0.9176470588235293713, 0.9294117647058823817 ) ;
#1266 = EDGE_LOOP ( 'NONE', ( #109, #676, #1615, #1230 ) ) ;
#1267 = LINE ( 'NONE', #1073, #947 ) ;
#1268 = SURFACE_STYLE_USAGE ( .BOTH. , #13 ) ;
#1269 = SURFACE_SIDE_STYLE ('',( #908 ) ) ;
#1270 = DIRECTION ( 'NONE',  ( 0.000000000000000000, 0.000000000000000000, 1.000000000000000000 ) ) ;
#1271 = ADVANCED_FACE ( 'NONE', ( #1454 ), #914, .T. ) ;
#1272 = ORIENTED_EDGE ( 'NONE', *, *, #1211, .F. ) ;
#1273 = FILL_AREA_STYLE ('',( #532 ) ) ;
#1274 = DIRECTION ( 'NONE',  ( 1.000000000000000000, -0.000000000000000000, -0.000000000000000000 ) ) ;
#1275 = PRESENTATION_STYLE_ASSIGNMENT (( #382 ) ) ;
#1276 = CARTESIAN_POINT ( 'NONE',  ( 4.169999999999999929, -1.880000000000000338, 5.729999999999999538 ) ) ;
#1277 = AXIS2_PLACEMENT_3D ( 'NONE', #1143, #552, #568 ) ;
#1278 =( NAMED_UNIT ( * ) SI_UNIT ( $, .STERADIAN. ) SOLID_ANGLE_UNIT ( ) );
#1279 = VERTEX_POINT ( 'NONE', #445 ) ;
#1280 = DIRECTION ( 'NONE',  ( 0.000000000000000000, -1.000000000000000000, 1.224646799147353207E-16 ) ) ;
#1281 =( LENGTH_UNIT ( ) NAMED_UNIT ( * ) SI_UNIT ( .MILLI., .METRE. ) );
#1282 = FILL_AREA_STYLE ('',( #1449 ) ) ;
#1283 = CYLINDRICAL_SURFACE ( 'NONE', #883, 1.279999999999999361 ) ;
#1284 = COLOUR_RGB ( '',0.8980392156862745390, 0.9176470588235293713, 0.9294117647058823817 ) ;
#1285 = VERTEX_POINT ( 'NONE', #112 ) ;
#1286 =( GEOMETRIC_REPRESENTATION_CONTEXT ( 3 ) GLOBAL_UNCERTAINTY_ASSIGNED_CONTEXT ( ( #1746 ) ) GLOBAL_UNIT_ASSIGNED_CONTEXT ( ( #472, #1178, #151 ) ) REPRESENTATION_CONTEXT ( 'NONE', 'WORKASPACE' ) );
#1287 = UNCERTAINTY_MEASURE_WITH_UNIT (LENGTH_MEASURE( 1.000000000000000082E-05 ), #15, 'distance_accuracy_value', 'NONE');
#1288 = FILL_AREA_STYLE_COLOUR ( '', #656 ) ;
#1289 = PRESENTATION_LAYER_ASSIGNMENT (  '', '', ( #2259 ) ) ;
#1290 = AXIS2_PLACEMENT_3D ( 'NONE', #467, #1184, #142 ) ;
#1291 = DIRECTION ( 'NONE',  ( -0.000000000000000000, -0.000000000000000000, -1.000000000000000000 ) ) ;
#1292 = VECTOR ( 'NONE', #1949, 1000.000000000000000 ) ;
#1293 =( NAMED_UNIT ( * ) PLANE_ANGLE_UNIT ( ) SI_UNIT ( $, .RADIAN. ) );
#1294 = CARTESIAN_POINT ( 'NONE',  ( -2.745000000000000551, -0.6000000000000004219, 14.14677129231225727 ) ) ;
#1295 = DIRECTION ( 'NONE',  ( -0.000000000000000000, -0.000000000000000000, -1.000000000000000000 ) ) ;
#1296 =( GEOMETRIC_REPRESENTATION_CONTEXT ( 3 ) GLOBAL_UNCERTAINTY_ASSIGNED_CONTEXT ( ( #106 ) ) GLOBAL_UNIT_ASSIGNED_CONTEXT ( ( #1121, #1824, #1976 ) ) REPRESENTATION_CONTEXT ( 'NONE', 'WORKASPACE' ) );
#1297 = ORIENTED_EDGE ( 'NONE', *, *, #520, .F. ) ;
#1298 = FACE_OUTER_BOUND ( 'NONE', #1770, .T. ) ;
#1299 = CARTESIAN_POINT ( 'NONE',  ( 4.769999999999999574, 2.571758278209441957E-16, 5.729999999999999538 ) ) ;
#1300 = EDGE_CURVE ( 'NONE', #2254, #100, #2224, .T. ) ;
#1301 = CARTESIAN_POINT ( 'NONE',  ( 2.889999999999999680, 1.279999999999999361, 1.400000000000000133 ) ) ;
#1302 = VERTEX_POINT ( 'NONE', #85 ) ;
#1303 = ADVANCED_FACE ( 'NONE', ( #1504 ), #1496, .T. ) ;
#1304 = CARTESIAN_POINT ( 'NONE',  ( 2.889999999999999680, 1.880000000000000338, 0.000000000000000000 ) ) ;
#1305 = EDGE_CURVE ( 'NONE', #2144, #760, #1159, .T. ) ;
#1306 = DIRECTION ( 'NONE',  ( 0.000000000000000000, -0.000000000000000000, 1.000000000000000000 ) ) ;
#1307 =( NAMED_UNIT ( * ) PLANE_ANGLE_UNIT ( ) SI_UNIT ( $, .RADIAN. ) );
#1308 = LINE ( 'NONE', #54, #578 ) ;
#1309 = DIRECTION ( 'NONE',  ( -1.000000000000000000, 0.000000000000000000, -0.000000000000000000 ) ) ;
#1310 = EDGE_LOOP ( 'NONE', ( #784, #1702, #250, #1501 ) ) ;
#1311 = LINE ( 'NONE', #2001, #1540 ) ;
#1312 = AXIS2_PLACEMENT_3D ( 'NONE', #1927, #1593, #1062 ) ;
#1313 = SURFACE_SIDE_STYLE ('',( #577 ) ) ;
#1314 = MECHANICAL_DESIGN_GEOMETRIC_PRESENTATION_REPRESENTATION (  '', ( #2142 ), #1497 ) ;
#1315 = ORIENTED_EDGE ( 'NONE', *, *, #313, .F. ) ;
#1316 = SURFACE_STYLE_USAGE ( .BOTH. , #1499 ) ;
#1317 = CARTESIAN_POINT ( 'NONE',  ( -4.769999999999999574, 0.000000000000000000, 1.699999999999999956 ) ) ;
#1318 = SURFACE_SIDE_STYLE ('',( #929 ) ) ;
#1319 = DIRECTION ( 'NONE',  ( 1.000000000000000000, 0.000000000000000000, 0.000000000000000000 ) ) ;
#1320 = ORIENTED_EDGE ( 'NONE', *, *, #362, .F. ) ;
#1321 = ADVANCED_FACE ( 'NONE', ( #423 ), #2208, .T. ) ;
#1322 = AXIS2_PLACEMENT_3D ( 'NONE', #1489, #581, #1319 ) ;
#1323 = CARTESIAN_POINT ( 'NONE',  ( -2.889999999999999680, -2.030000000000000249, 0.000000000000000000 ) ) ;
#1324 = ORIENTED_EDGE ( 'NONE', *, *, #1500, .F. ) ;
#1325 = DIRECTION ( 'NONE',  ( 0.000000000000000000, 0.000000000000000000, 1.000000000000000000 ) ) ;
#1326 = ORIENTED_EDGE ( 'NONE', *, *, #590, .F. ) ;
#1327 = COLOUR_RGB ( '',0.8980392156862745390, 0.9176470588235293713, 0.9294117647058823817 ) ;
#1328 = FILL_AREA_STYLE_COLOUR ( '', #2244 ) ;
#1329 = CARTESIAN_POINT ( 'NONE',  ( -4.169999999999999929, 0.000000000000000000, 4.330000000000000071 ) ) ;
#1330 =( GEOMETRIC_REPRESENTATION_CONTEXT ( 3 ) GLOBAL_UNCERTAINTY_ASSIGNED_CONTEXT ( ( #1575 ) ) GLOBAL_UNIT_ASSIGNED_CONTEXT ( ( #1560, #659, #875 ) ) REPRESENTATION_CONTEXT ( 'NONE', 'WORKASPACE' ) );
#1331 = CARTESIAN_POINT ( 'NONE',  ( 4.169999999999999929, -2.029999999999999805, 1.700000000000000622 ) ) ;
#1332 =( GEOMETRIC_REPRESENTATION_CONTEXT ( 3 ) GLOBAL_UNCERTAINTY_ASSIGNED_CONTEXT ( ( #683 ) ) GLOBAL_UNIT_ASSIGNED_CONTEXT ( ( #430, #1157, #1358 ) ) REPRESENTATION_CONTEXT ( 'NONE', 'WORKASPACE' ) );
#1333 = PLANE ( 'NONE',  #1695 ) ;
#1334 = EDGE_LOOP ( 'NONE', ( #974, #1172 ) ) ;
#1335 = DIRECTION ( 'NONE',  ( 0.000000000000000000, 0.000000000000000000, 1.000000000000000000 ) ) ;
#1336 = DIRECTION ( 'NONE',  ( 0.000000000000000000, 0.000000000000000000, 1.000000000000000000 ) ) ;
#1337 = FILL_AREA_STYLE ('',( #745 ) ) ;
#1338 = FILL_AREA_STYLE ('',( #99 ) ) ;
#1339 = EDGE_LOOP ( 'NONE', ( #1204, #198, #1214, #293 ) ) ;
#1340 = CARTESIAN_POINT ( 'NONE',  ( -2.890000000000000124, -2.680000000000000604, 1.320000000000000062 ) ) ;
#1341 = SURFACE_STYLE_FILL_AREA ( #785 ) ;
#1342 = COLOUR_RGB ( '',0.8980392156862745390, 0.9176470588235293713, 0.9294117647058823817 ) ;
#1343 = FILL_AREA_STYLE ('',( #1612 ) ) ;
#1344 = EDGE_CURVE ( 'NONE', #46, #1021, #1240, .T. ) ;
#1345 = DIRECTION ( 'NONE',  ( -1.000000000000000000, 0.000000000000000000, 0.000000000000000000 ) ) ;
#1346 = ORIENTED_EDGE ( 'NONE', *, *, #1789, .T. ) ;
#1347 = DIRECTION ( 'NONE',  ( -1.000000000000000000, -0.000000000000000000, -0.000000000000000000 ) ) ;
#1348 = DIRECTION ( 'NONE',  ( -0.000000000000000000, -0.000000000000000000, -1.000000000000000000 ) ) ;
#1349 = MECHANICAL_DESIGN_GEOMETRIC_PRESENTATION_REPRESENTATION (  '', ( #1457 ), #2134 ) ;
#1350 = CARTESIAN_POINT ( 'NONE',  ( 2.889999999999999680, 1.880000000000000338, 7.349999999999999645 ) ) ;
#1351 = ORIENTED_EDGE ( 'NONE', *, *, #768, .T. ) ;
#1352 = COLOUR_RGB ( '',0.8980392156862745390, 0.9176470588235293713, 0.9294117647058823817 ) ;
#1353 = EDGE_CURVE ( 'NONE', #2095, #635, #2076, .T. ) ;
#1354 = LINE ( 'NONE', #2038, #369 ) ;
#1355 = VECTOR ( 'NONE', #2027, 1000.000000000000000 ) ;
#1356 = LINE ( 'NONE', #1517, #1164 ) ;
#1357 = ORIENTED_EDGE ( 'NONE', *, *, #241, .F. ) ;
#1358 =( NAMED_UNIT ( * ) SI_UNIT ( $, .STERADIAN. ) SOLID_ANGLE_UNIT ( ) );
#1359 = EDGE_LOOP ( 'NONE', ( #179, #528, #98, #2197 ) ) ;
#1360 = DIRECTION ( 'NONE',  ( 1.000000000000000000, 0.000000000000000000, -0.000000000000000000 ) ) ;
#1361 = FILL_AREA_STYLE_COLOUR ( '', #980 ) ;
#1362 = UNCERTAINTY_MEASURE_WITH_UNIT (LENGTH_MEASURE( 1.000000000000000082E-05 ), #778, 'distance_accuracy_value', 'NONE');
#1363 = CARTESIAN_POINT ( 'NONE',  ( 4.769999999999999574, -2.029999999999999805, 1.700000000000000622 ) ) ;
#1364 = EDGE_LOOP ( 'NONE', ( #885, #2078, #1552, #1320, #657 ) ) ;
#1365 = PRESENTATION_STYLE_ASSIGNMENT (( #619 ) ) ;
#1366 = STYLED_ITEM ( 'NONE', ( #117 ), #1596 ) ;
#1367 = MECHANICAL_DESIGN_GEOMETRIC_PRESENTATION_REPRESENTATION (  '', ( #1945 ), #1210 ) ;
#1368 =( NAMED_UNIT ( * ) PLANE_ANGLE_UNIT ( ) SI_UNIT ( $, .RADIAN. ) );
#1369 = ORIENTED_EDGE ( 'NONE', *, *, #685, .T. ) ;
#1370 = EDGE_CURVE ( 'NONE', #582, #284, #1924, .T. ) ;
#1371 = ORIENTED_EDGE ( 'NONE', *, *, #247, .T. ) ;
#1372 = PRESENTATION_STYLE_ASSIGNMENT (( #1740 ) ) ;
#1373 = EDGE_CURVE ( 'NONE', #1048, #154, #1943, .T. ) ;
#1374 = EDGE_CURVE ( 'NONE', #1568, #840, #675, .T. ) ;
#1375 = PRESENTATION_STYLE_ASSIGNMENT (( #641 ) ) ;
#1376 = SURFACE_SIDE_STYLE ('',( #2228 ) ) ;
#1377 = VECTOR ( 'NONE', #1804, 1000.000000000000000 ) ;
#1378 = SURFACE_SIDE_STYLE ('',( #2094 ) ) ;
#1379 = VERTEX_POINT ( 'NONE', #1916 ) ;
#1380 = PLANE ( 'NONE',  #312 ) ;
#1381 = ORIENTED_EDGE ( 'NONE', *, *, #1370, .T. ) ;
#1382 = DIRECTION ( 'NONE',  ( 0.000000000000000000, 0.000000000000000000, 1.000000000000000000 ) ) ;
#1383 = SURFACE_SIDE_STYLE ('',( #2039 ) ) ;
#1384 = PRESENTATION_LAYER_ASSIGNMENT (  '', '', ( #809 ) ) ;
#1385 = PRESENTATION_STYLE_ASSIGNMENT (( #2092 ) ) ;
#1386 = AXIS2_PLACEMENT_3D ( 'NONE', #602, #1633, #447 ) ;
#1387 = SURFACE_STYLE_USAGE ( .BOTH. , #1376 ) ;
#1388 = ORIENTED_EDGE ( 'NONE', *, *, #524, .T. ) ;
#1389 = EDGE_CURVE ( 'NONE', #2230, #961, #825, .T. ) ;
#1390 = ORIENTED_EDGE ( 'NONE', *, *, #2008, .T. ) ;
#1391 =( NAMED_UNIT ( * ) SI_UNIT ( $, .STERADIAN. ) SOLID_ANGLE_UNIT ( ) );
#1392 = DIRECTION ( 'NONE',  ( 1.000000000000000000, 0.000000000000000000, -0.000000000000000000 ) ) ;
#1393 = DIRECTION ( 'NONE',  ( 0.000000000000000000, 0.000000000000000000, 1.000000000000000000 ) ) ;
#1394 = FILL_AREA_STYLE_COLOUR ( '', #1256 ) ;
#1395 = CIRCLE ( 'NONE', #977, 1.880000000000000338 ) ;
#1396 = SURFACE_STYLE_USAGE ( .BOTH. , #1378 ) ;
#1397 =( GEOMETRIC_REPRESENTATION_CONTEXT ( 3 ) GLOBAL_UNCERTAINTY_ASSIGNED_CONTEXT ( ( #52 ) ) GLOBAL_UNIT_ASSIGNED_CONTEXT ( ( #299, #350, #1751 ) ) REPRESENTATION_CONTEXT ( 'NONE', 'WORKASPACE' ) );
#1398 = AXIS2_PLACEMENT_3D ( 'NONE', #2199, #2207, #305 ) ;
#1399 = EDGE_LOOP ( 'NONE', ( #1051, #1095, #35, #1197, #315 ) ) ;
#1400 = ORIENTED_EDGE ( 'NONE', *, *, #969, .F. ) ;
#1401 = VECTOR ( 'NONE', #1348, 1000.000000000000000 ) ;
#1402 = LINE ( 'NONE', #867, #1045 ) ;
#1403 = LINE ( 'NONE', #1547, #1109 ) ;
#1404 = LINE ( 'NONE', #2271, #1861 ) ;
#1405 = EDGE_CURVE ( 'NONE', #2048, #1483, #1684, .T. ) ;
#1406 = LINE ( 'NONE', #859, #1607 ) ;
#1407 = AXIS2_PLACEMENT_3D ( 'NONE', #629, #2215, #152 ) ;
#1408 = ORIENTED_EDGE ( 'NONE', *, *, #819, .F. ) ;
#1409 = FILL_AREA_STYLE ('',( #1771 ) ) ;
#1410 = FILL_AREA_STYLE_COLOUR ( '', #24 ) ;
#1411 = EDGE_LOOP ( 'NONE', ( #1315, #1553, #2106, #984 ) ) ;
#1412 = SURFACE_SIDE_STYLE ('',( #531 ) ) ;
#1413 = DIRECTION ( 'NONE',  ( -1.000000000000000000, -0.000000000000000000, -0.000000000000000000 ) ) ;
#1414 = FILL_AREA_STYLE ('',( #1099 ) ) ;
#1415 = PRESENTATION_LAYER_ASSIGNMENT (  '', '', ( #1457 ) ) ;
#1416 = ADVANCED_FACE ( 'NONE', ( #145 ), #1380, .F. ) ;
#1417 = DIRECTION ( 'NONE',  ( -0.000000000000000000, 3.011672701348623483E-16, 1.000000000000000000 ) ) ;
#1418 = STYLED_ITEM ( 'NONE', ( #1385 ), #1228 ) ;
#1419 = AXIS2_PLACEMENT_3D ( 'NONE', #955, #1863, #2201 ) ;
#1420 = ORIENTED_EDGE ( 'NONE', *, *, #986, .T. ) ;
#1421 = CARTESIAN_POINT ( 'NONE',  ( -2.745000000000000551, 0.6000000000000004219, 14.14677129231225727 ) ) ;
#1422 = EDGE_LOOP ( 'NONE', ( #1922, #1175, #646, #1082, #1681 ) ) ;
#1423 = CARTESIAN_POINT ( 'NONE',  ( -2.889999999999999680, 2.594025392345131626E-16, 1.700000000000000178 ) ) ;
#1424 = DIRECTION ( 'NONE',  ( 1.000000000000000000, 0.000000000000000000, -0.000000000000000000 ) ) ;
#1425 = CARTESIAN_POINT ( 'NONE',  ( 2.890000000000000124, -2.580000000000000515, 0.9199999999999993738 ) ) ;
#1426 = DIRECTION ( 'NONE',  ( 0.000000000000000000, 0.000000000000000000, -1.000000000000000000 ) ) ;
#1427 = SURFACE_SIDE_STYLE ('',( #695 ) ) ;
#1428 = CARTESIAN_POINT ( 'NONE',  ( -4.169999999999999929, -1.880000000000000338, 5.729999999999999538 ) ) ;
#1429 = COLOUR_RGB ( '',0.8980392156862745390, 0.9176470588235293713, 0.9294117647058823817 ) ;
#1430 = ORIENTED_EDGE ( 'NONE', *, *, #1635, .F. ) ;
#1431 = FILL_AREA_STYLE_COLOUR ( '', #794 ) ;
#1432 =( GEOMETRIC_REPRESENTATION_CONTEXT ( 3 ) GLOBAL_UNCERTAINTY_ASSIGNED_CONTEXT ( ( #958 ) ) GLOBAL_UNIT_ASSIGNED_CONTEXT ( ( #426, #76, #2182 ) ) REPRESENTATION_CONTEXT ( 'NONE', 'WORKASPACE' ) );
#1433 = LINE ( 'NONE', #2145, #1519 ) ;
#1434 = AXIS2_PLACEMENT_3D ( 'NONE', #625, #1908, #1555 ) ;
#1435 = CARTESIAN_POINT ( 'NONE',  ( -4.769999999999999574, 2.594025392345131626E-16, 1.700000000000000178 ) ) ;
#1436 = STYLED_ITEM ( 'NONE', ( #1757 ), #1626 ) ;
#1437 = FILL_AREA_STYLE_COLOUR ( '', #1223 ) ;
#1438 = DIRECTION ( 'NONE',  ( 1.000000000000000000, 0.000000000000000000, 1.224646799147353207E-16 ) ) ;
#1439 = VECTOR ( 'NONE', #108, 1000.000000000000000 ) ;
#1440 = ADVANCED_FACE ( 'NONE', ( #861 ), #2, .F. ) ;
#1441 = PRESENTATION_STYLE_ASSIGNMENT (( #21 ) ) ;
#1442 = CARTESIAN_POINT ( 'NONE',  ( -2.745000000000000551, -3.588743329438985007E-16, 7.349999999999999645 ) ) ;
#1443 = EDGE_CURVE ( 'NONE', #961, #2163, #1311, .T. ) ;
#1444 = CARTESIAN_POINT ( 'NONE',  ( 2.889999999999999680, 2.586369445532682231E-16, 1.700000000000000178 ) ) ;
#1445 = CARTESIAN_POINT ( 'NONE',  ( 4.169999999999999929, 0.000000000000000000, 0.000000000000000000 ) ) ;
#1446 = EDGE_CURVE ( 'NONE', #815, #622, #1022, .T. ) ;
#1447 = EDGE_LOOP ( 'NONE', ( #70, #1005, #359, #860 ) ) ;
#1448 = CARTESIAN_POINT ( 'NONE',  ( -2.745000000000000551, -0.6000000000000004219, 14.14677129231225727 ) ) ;
#1449 = FILL_AREA_STYLE_COLOUR ( '', #334 ) ;
#1450 = SURFACE_SIDE_STYLE ('',( #507 ) ) ;
#1451 =( GEOMETRIC_REPRESENTATION_CONTEXT ( 3 ) GLOBAL_UNCERTAINTY_ASSIGNED_CONTEXT ( ( #570 ) ) GLOBAL_UNIT_ASSIGNED_CONTEXT ( ( #2205, #1191, #1900 ) ) REPRESENTATION_CONTEXT ( 'NONE', 'WORKASPACE' ) );
#1452 = FACE_OUTER_BOUND ( 'NONE', #74, .T. ) ;
#1453 = FACE_OUTER_BOUND ( 'NONE', #1809, .T. ) ;
#1454 = FACE_OUTER_BOUND ( 'NONE', #1359, .T. ) ;
#1455 = SURFACE_SIDE_STYLE ('',( #892 ) ) ;
#1456 =( NAMED_UNIT ( * ) PLANE_ANGLE_UNIT ( ) SI_UNIT ( $, .RADIAN. ) );
#1457 = STYLED_ITEM ( 'NONE', ( #1372 ), #816 ) ;
#1458 = DIRECTION ( 'NONE',  ( 0.000000000000000000, -1.000000000000000000, 3.011672701348622990E-16 ) ) ;
#1459 =( GEOMETRIC_REPRESENTATION_CONTEXT ( 3 ) GLOBAL_UNCERTAINTY_ASSIGNED_CONTEXT ( ( #2233 ) ) GLOBAL_UNIT_ASSIGNED_CONTEXT ( ( #1801, #717, #912 ) ) REPRESENTATION_CONTEXT ( 'NONE', 'WORKASPACE' ) );
#1460 = PRESENTATION_LAYER_ASSIGNMENT (  '', '', ( #1153 ) ) ;
#1461 = VERTEX_POINT ( 'NONE', #1811 ) ;
#1462 = FILL_AREA_STYLE ('',( #396 ) ) ;
#1463 = MECHANICAL_DESIGN_GEOMETRIC_PRESENTATION_REPRESENTATION (  '', ( #735 ), #330 ) ;
#1464 = EDGE_CURVE ( 'NONE', #1003, #1216, #410, .T. ) ;
#1465 = CARTESIAN_POINT ( 'NONE',  ( -4.769999999999999574, -2.030000000000000249, 0.000000000000000000 ) ) ;
#1466 = CARTESIAN_POINT ( 'NONE',  ( 4.769999999999999574, 0.000000000000000000, 0.000000000000000000 ) ) ;
#1467 = CARTESIAN_POINT ( 'NONE',  ( -2.745000000000000551, -0.6000000000000004219, 7.349999999999999645 ) ) ;
#1468 = ORIENTED_EDGE ( 'NONE', *, *, #202, .T. ) ;
#1469 = LINE ( 'NONE', #2154, #866 ) ;
#1470 = ADVANCED_FACE ( 'NONE', ( #1953 ), #907, .F. ) ;
#1471 = CARTESIAN_POINT ( 'NONE',  ( 4.169999999999999929, -1.880000000000000338, 1.725813553570450631 ) ) ;
#1472 = EDGE_CURVE ( 'NONE', #132, #800, #104, .T. ) ;
#1473 = CIRCLE ( 'NONE', #1644, 0.7000000000000000666 ) ;
#1474 = VECTOR ( 'NONE', #338, 1000.000000000000000 ) ;
#1475 = MECHANICAL_DESIGN_GEOMETRIC_PRESENTATION_REPRESENTATION (  '', ( #2258 ), #902 ) ;
#1476 = CARTESIAN_POINT ( 'NONE',  ( -2.889999999999999680, 1.279999999999999361, 7.349999999999999645 ) ) ;
#1477 = DIRECTION ( 'NONE',  ( 0.000000000000000000, 0.000000000000000000, -1.000000000000000000 ) ) ;
#1478 = SURFACE_STYLE_USAGE ( .BOTH. , #750 ) ;
#1479 = PRESENTATION_LAYER_ASSIGNMENT (  '', '', ( #638 ) ) ;
#1480 = VERTEX_POINT ( 'NONE', #727 ) ;
#1481 = DIRECTION ( 'NONE',  ( -1.000000000000000000, -0.000000000000000000, 0.000000000000000000 ) ) ;
#1482 = VERTEX_POINT ( 'NONE', #743 ) ;
#1483 = VERTEX_POINT ( 'NONE', #1965 ) ;
#1484 = PRESENTATION_LAYER_ASSIGNMENT (  '', '', ( #626 ) ) ;
#1485 = SURFACE_SIDE_STYLE ('',( #613 ) ) ;
#1486 = CARTESIAN_POINT ( 'NONE',  ( -4.769999999999999574, 2.571758278209441957E-16, 5.729999999999999538 ) ) ;
#1487 = EDGE_CURVE ( 'NONE', #2251, #165, #1469, .T. ) ;
#1488 =( NAMED_UNIT ( * ) PLANE_ANGLE_UNIT ( ) SI_UNIT ( $, .RADIAN. ) );
#1489 = CARTESIAN_POINT ( 'NONE',  ( 0.000000000000000000, 0.000000000000000000, 0.000000000000000000 ) ) ;
#1490 = ORIENTED_EDGE ( 'NONE', *, *, #542, .T. ) ;
#1491 = CARTESIAN_POINT ( 'NONE',  ( -2.889999999999999680, -1.880000000000000338, 5.729999999999999538 ) ) ;
#1492 = SURFACE_STYLE_FILL_AREA ( #972 ) ;
#1493 = CIRCLE ( 'NONE', #540, 1.880000000000000338 ) ;
#1494 = STYLED_ITEM ( 'NONE', ( #1691 ), #1026 ) ;
#1495 = FACE_OUTER_BOUND ( 'NONE', #1690, .T. ) ;
#1496 = CYLINDRICAL_SURFACE ( 'NONE', #171, 0.6000000000000003109 ) ;
#1497 =( GEOMETRIC_REPRESENTATION_CONTEXT ( 3 ) GLOBAL_UNCERTAINTY_ASSIGNED_CONTEXT ( ( #234 ) ) GLOBAL_UNIT_ASSIGNED_CONTEXT ( ( #1791, #1456, #1090 ) ) REPRESENTATION_CONTEXT ( 'NONE', 'WORKASPACE' ) );
#1498 = PRESENTATION_STYLE_ASSIGNMENT (( #773 ) ) ;
#1499 = SURFACE_SIDE_STYLE ('',( #1341 ) ) ;
#1500 = EDGE_CURVE ( 'NONE', #1482, #418, #567, .T. ) ;
#1501 = ORIENTED_EDGE ( 'NONE', *, *, #2117, .F. ) ;
#1502 = FACE_OUTER_BOUND ( 'NONE', #2222, .T. ) ;
#1503 = SURFACE_STYLE_USAGE ( .BOTH. , #96 ) ;
#1504 = FACE_OUTER_BOUND ( 'NONE', #1823, .T. ) ;
#1505 = ORIENTED_EDGE ( 'NONE', *, *, #1747, .F. ) ;
#1506 = AXIS2_PLACEMENT_3D ( 'NONE', #1134, #971, #790 ) ;
#1507 =( LENGTH_UNIT ( ) NAMED_UNIT ( * ) SI_UNIT ( .MILLI., .METRE. ) );
#1508 = LINE ( 'NONE', #1476, #150 ) ;
#1509 = CARTESIAN_POINT ( 'NONE',  ( 4.169999999999999929, -1.880000000000000338, 1.725813553570450631 ) ) ;
#1510 = ORIENTED_EDGE ( 'NONE', *, *, #5, .F. ) ;
#1511 = CARTESIAN_POINT ( 'NONE',  ( 2.889999999999999236, -1.279999999999999138, 1.400000000000000133 ) ) ;
#1512 = LINE ( 'NONE', #950, #1053 ) ;
#1513 = EDGE_CURVE ( 'NONE', #666, #1482, #397, .T. ) ;
#1514 =( NAMED_UNIT ( * ) PLANE_ANGLE_UNIT ( ) SI_UNIT ( $, .RADIAN. ) );
#1515 = ORIENTED_EDGE ( 'NONE', *, *, #2171, .T. ) ;
#1516 = SURFACE_STYLE_FILL_AREA ( #2193 ) ;
#1517 = CARTESIAN_POINT ( 'NONE',  ( -3.345000000000000639, -3.588743329438985007E-16, 14.14677129231225727 ) ) ;
#1518 = UNCERTAINTY_MEASURE_WITH_UNIT (LENGTH_MEASURE( 1.000000000000000082E-05 ), #595, 'distance_accuracy_value', 'NONE');
#1519 = VECTOR ( 'NONE', #921, 1000.000000000000000 ) ;
#1520 = LINE ( 'NONE', #592, #1439 ) ;
#1521 =( NAMED_UNIT ( * ) PLANE_ANGLE_UNIT ( ) SI_UNIT ( $, .RADIAN. ) );
#1522 = FILL_AREA_STYLE ('',( #2012 ) ) ;
#1523 = FILL_AREA_STYLE_COLOUR ( '', #1208 ) ;
#1524 = LINE ( 'NONE', #1294, #1071 ) ;
#1525 = VECTOR ( 'NONE', #123, 1000.000000000000000 ) ;
#1526 = EDGE_LOOP ( 'NONE', ( #1975, #190, #1388, #93, #1692, #457, #1750, #1964, #1408, #212, #3, #687, #1346, #2075, #911, #2108, #1782 ) ) ;
#1527 = CYLINDRICAL_SURFACE ( 'NONE', #1142, 1.880000000000000115 ) ;
#1528 = SURFACE_STYLE_FILL_AREA ( #620 ) ;
#1529 = ORIENTED_EDGE ( 'NONE', *, *, #1443, .T. ) ;
#1530 = CARTESIAN_POINT ( 'NONE',  ( 2.890000000000000124, -2.680000000000000604, 1.069999999999999840 ) ) ;
#1531 = EDGE_CURVE ( 'NONE', #1021, #154, #2186, .T. ) ;
#1532 = AXIS2_PLACEMENT_3D ( 'NONE', #1329, #1672, #88 ) ;
#1533 = ORIENTED_EDGE ( 'NONE', *, *, #2074, .T. ) ;
#1534 = CARTESIAN_POINT ( 'NONE',  ( -4.769999999999999574, 0.000000000000000000, 0.000000000000000000 ) ) ;
#1535 = VECTOR ( 'NONE', #2060, 1000.000000000000000 ) ;
#1536 = FILL_AREA_STYLE ('',( #1394 ) ) ;
#1537 = UNCERTAINTY_MEASURE_WITH_UNIT (LENGTH_MEASURE( 1.000000000000000082E-05 ), #1281, 'distance_accuracy_value', 'NONE');
#1538 = CIRCLE ( 'NONE', #172, 0.2500000000000002220 ) ;
#1539 =( NAMED_UNIT ( * ) SI_UNIT ( $, .STERADIAN. ) SOLID_ANGLE_UNIT ( ) );
#1540 = VECTOR ( 'NONE', #1616, 1000.000000000000000 ) ;
#1541 = STYLED_ITEM ( 'NONE', ( #1842 ), #1885 ) ;
#1542 = ORIENTED_EDGE ( 'NONE', *, *, #464, .T. ) ;
#1543 = SURFACE_STYLE_FILL_AREA ( #1215 ) ;
#1544 = ORIENTED_EDGE ( 'NONE', *, *, #1570, .F. ) ;
#1545 =( LENGTH_UNIT ( ) NAMED_UNIT ( * ) SI_UNIT ( .MILLI., .METRE. ) );
#1546 = DIRECTION ( 'NONE',  ( 1.000000000000000000, 0.000000000000000000, 0.000000000000000000 ) ) ;
#1547 = CARTESIAN_POINT ( 'NONE',  ( -2.889999999999999680, 1.880000000000000338, 0.000000000000000000 ) ) ;
#1548 = EDGE_CURVE ( 'NONE', #1461, #863, #522, .T. ) ;
#1549 = COLOUR_RGB ( '',0.8980392156862745390, 0.9176470588235293713, 0.9294117647058823817 ) ;
#1550 = DIRECTION ( 'NONE',  ( 0.000000000000000000, 0.000000000000000000, 1.000000000000000000 ) ) ;
#1551 = SURFACE_STYLE_FILL_AREA ( #993 ) ;
#1552 = ORIENTED_EDGE ( 'NONE', *, *, #64, .T. ) ;
#1553 = ORIENTED_EDGE ( 'NONE', *, *, #776, .F. ) ;
#1554 = DIRECTION ( 'NONE',  ( 1.000000000000000000, 0.000000000000000000, 0.000000000000000000 ) ) ;
#1555 = DIRECTION ( 'NONE',  ( -1.000000000000000000, 0.000000000000000000, 0.000000000000000000 ) ) ;
#1556 = DIRECTION ( 'NONE',  ( -0.000000000000000000, 1.000000000000000000, -0.000000000000000000 ) ) ;
#1557 = ORIENTED_EDGE ( 'NONE', *, *, #247, .F. ) ;
#1558 = SURFACE_SIDE_STYLE ('',( #872 ) ) ;
#1559 = ORIENTED_EDGE ( 'NONE', *, *, #1843, .F. ) ;
#1560 =( LENGTH_UNIT ( ) NAMED_UNIT ( * ) SI_UNIT ( .MILLI., .METRE. ) );
#1561 = ORIENTED_EDGE ( 'NONE', *, *, #1023, .T. ) ;
#1562 = PRESENTATION_STYLE_ASSIGNMENT (( #311 ) ) ;
#1563 = COLOUR_RGB ( '',0.8980392156862745390, 0.9176470588235293713, 0.9294117647058823817 ) ;
#1564 = EDGE_CURVE ( 'NONE', #284, #1285, #708, .T. ) ;
#1565 = PLANE ( 'NONE',  #870 ) ;
#1566 = PRESENTATION_LAYER_ASSIGNMENT (  '', '', ( #2083 ) ) ;
#1567 = COLOUR_RGB ( '',0.05882352941176470507, 0.05882352941176470507, 0.05882352941176470507 ) ;
#1568 = VERTEX_POINT ( 'NONE', #1135 ) ;
#1569 = SURFACE_STYLE_FILL_AREA ( #309 ) ;
#1570 = EDGE_CURVE ( 'NONE', #2265, #1679, #1122, .T. ) ;
#1571 = ORIENTED_EDGE ( 'NONE', *, *, #1114, .F. ) ;
#1572 = AXIS2_PLACEMENT_3D ( 'NONE', #438, #1154, #230 ) ;
#1573 = DIRECTION ( 'NONE',  ( 1.000000000000000000, 0.000000000000000000, 1.153406566473940767E-16 ) ) ;
#1574 = CARTESIAN_POINT ( 'NONE',  ( -4.769999999999999574, 0.000000000000000000, 4.330000000000000071 ) ) ;
#1575 = UNCERTAINTY_MEASURE_WITH_UNIT (LENGTH_MEASURE( 1.000000000000000082E-05 ), #1560, 'distance_accuracy_value', 'NONE');
#1576 = CYLINDRICAL_SURFACE ( 'NONE', #754, 0.8500000000000003109 ) ;
#1577 = CARTESIAN_POINT ( 'NONE',  ( 2.890000000000000124, -2.680000000000000604, 1.220000000000000195 ) ) ;
#1578 = DIRECTION ( 'NONE',  ( -0.000000000000000000, 1.000000000000000000, -0.000000000000000000 ) ) ;
#1579 = ORIENTED_EDGE ( 'NONE', *, *, #202, .F. ) ;
#1580 = EDGE_LOOP ( 'NONE', ( #1196, #1542, #1713, #1297 ) ) ;
#1581 = SURFACE_STYLE_FILL_AREA ( #365 ) ;
#1582 =( NAMED_UNIT ( * ) SI_UNIT ( $, .STERADIAN. ) SOLID_ANGLE_UNIT ( ) );
#1583 = SURFACE_STYLE_USAGE ( .BOTH. , #878 ) ;
#1584 = SURFACE_STYLE_USAGE ( .BOTH. , #2148 ) ;
#1585 =( NAMED_UNIT ( * ) SI_UNIT ( $, .STERADIAN. ) SOLID_ANGLE_UNIT ( ) );
#1586 = MECHANICAL_DESIGN_GEOMETRIC_PRESENTATION_REPRESENTATION (  '', ( #1494 ), #655 ) ;
#1587 = CARTESIAN_POINT ( 'NONE',  ( 2.889999999999999236, -1.880000000000000115, 5.729999999999999538 ) ) ;
#1588 = TOROIDAL_SURFACE ( 'NONE', #1419, 0.1500000000000003275, 0.1000000000000000056 ) ;
#1589 = ADVANCED_FACE ( 'NONE', ( #269 ), #1699, .T. ) ;
#1590 = ORIENTED_EDGE ( 'NONE', *, *, #1826, .F. ) ;
#1591 = SURFACE_SIDE_STYLE ('',( #1569 ) ) ;
#1592 = PRESENTATION_STYLE_ASSIGNMENT (( #729 ) ) ;
#1593 = DIRECTION ( 'NONE',  ( 0.000000000000000000, -1.000000000000000000, 0.000000000000000000 ) ) ;
#1594 = EDGE_CURVE ( 'NONE', #1133, #86, #1512, .T. ) ;
#1595 = FILL_AREA_STYLE ('',( #516 ) ) ;
#1596 = ADVANCED_FACE ( 'NONE', ( #1502 ), #802, .T. ) ;
#1597 =( NAMED_UNIT ( * ) SI_UNIT ( $, .STERADIAN. ) SOLID_ANGLE_UNIT ( ) );
#1598 =( NAMED_UNIT ( * ) PLANE_ANGLE_UNIT ( ) SI_UNIT ( $, .RADIAN. ) );
#1599 = PRODUCT_DEFINITION_FORMATION_WITH_SPECIFIED_SOURCE ( 'ANY', '', #232, .NOT_KNOWN. ) ;
#1600 = SURFACE_STYLE_USAGE ( .BOTH. , #722 ) ;
#1601 = PRESENTATION_STYLE_ASSIGNMENT (( #562 ) ) ;
#1602 = MECHANICAL_DESIGN_GEOMETRIC_PRESENTATION_REPRESENTATION (  '', ( #632 ), #1050 ) ;
#1603 = CARTESIAN_POINT ( 'NONE',  ( -4.769999999999999574, 0.000000000000000000, 0.000000000000000000 ) ) ;
#1604 =( NAMED_UNIT ( * ) PLANE_ANGLE_UNIT ( ) SI_UNIT ( $, .RADIAN. ) );
#1605 = FILL_AREA_STYLE ('',( #1784 ) ) ;
#1606 = DIRECTION ( 'NONE',  ( 1.000000000000000000, 0.000000000000000000, 0.000000000000000000 ) ) ;
#1607 = VECTOR ( 'NONE', #1015, 1000.000000000000000 ) ;
#1608 = DIRECTION ( 'NONE',  ( 0.000000000000000000, 0.000000000000000000, 1.000000000000000000 ) ) ;
#1609 = DIRECTION ( 'NONE',  ( -1.000000000000000000, 0.000000000000000000, 0.000000000000000000 ) ) ;
#1610 = MECHANICAL_DESIGN_GEOMETRIC_PRESENTATION_REPRESENTATION (  '', ( #1541 ), #66 ) ;
#1611 = SURFACE_STYLE_USAGE ( .BOTH. , #2137 ) ;
#1612 = FILL_AREA_STYLE_COLOUR ( '', #697 ) ;
#1613 = CARTESIAN_POINT ( 'NONE',  ( -4.769999999999999574, -2.030000000000000249, 2.486033002269127176E-16 ) ) ;
#1614 = EDGE_CURVE ( 'NONE', #1855, #1302, #137, .T. ) ;
#1615 = ORIENTED_EDGE ( 'NONE', *, *, #996, .F. ) ;
#1616 = DIRECTION ( 'NONE',  ( -1.000000000000000000, 0.000000000000000000, 0.000000000000000000 ) ) ;
#1617 =( NAMED_UNIT ( * ) PLANE_ANGLE_UNIT ( ) SI_UNIT ( $, .RADIAN. ) );
#1618 = ORIENTED_EDGE ( 'NONE', *, *, #996, .T. ) ;
#1619 = FILL_AREA_STYLE_COLOUR ( '', #1669 ) ;
#1620 = SURFACE_SIDE_STYLE ('',( #915 ) ) ;
#1621 = DIRECTION ( 'NONE',  ( 1.000000000000000000, 0.000000000000000000, 0.000000000000000000 ) ) ;
#1622 = AXIS2_PLACEMENT_3D ( 'NONE', #320, #1382, #1554 ) ;
#1623 = CARTESIAN_POINT ( 'NONE',  ( -2.890000000000000124, -2.680000000000000604, 0.8199999999999993960 ) ) ;
#1624 = LINE ( 'NONE', #931, #1687 ) ;
#1625 = CIRCLE ( 'NONE', #1741, 0.6000000000000003109 ) ;
#1626 = ADVANCED_FACE ( 'NONE', ( #1004 ), #1901, .F. ) ;
#1627 = AXIS2_PLACEMENT_3D ( 'NONE', #913, #544, #1246 ) ;
#1628 = EDGE_LOOP ( 'NONE', ( #1357, #805, #948, #156, #167 ) ) ;
#1629 = SURFACE_STYLE_USAGE ( .BOTH. , #934 ) ;
#1630 = CARTESIAN_POINT ( 'NONE',  ( 2.890000000000000124, -2.680000000000000604, 0.9199999999999993738 ) ) ;
#1631 = AXIS2_PLACEMENT_3D ( 'NONE', #1918, #844, #1896 ) ;
#1632 = DIRECTION ( 'NONE',  ( -0.000000000000000000, -1.000000000000000000, -0.000000000000000000 ) ) ;
#1633 = DIRECTION ( 'NONE',  ( 1.000000000000000000, -0.000000000000000000, -0.000000000000000000 ) ) ;
#1634 = CIRCLE ( 'NONE', #2073, 0.7000000000000000666 ) ;
#1635 = EDGE_CURVE ( 'NONE', #770, #961, #1406, .T. ) ;
#1636 = CARTESIAN_POINT ( 'NONE',  ( -2.889999999999999680, -1.880000000000000338, 7.349999999999999645 ) ) ;
#1637 = FILL_AREA_STYLE ('',( #415 ) ) ;
#1638 = CARTESIAN_POINT ( 'NONE',  ( -4.169999999999999929, -1.880000000000000338, 1.700000000000000622 ) ) ;
#1639 = LINE ( 'NONE', #357, #2157 ) ;
#1640 = ORIENTED_EDGE ( 'NONE', *, *, #464, .F. ) ;
#1641 = LINE ( 'NONE', #1252, #245 ) ;
#1642 = DIRECTION ( 'NONE',  ( 0.000000000000000000, 0.000000000000000000, -1.000000000000000000 ) ) ;
#1643 = DIRECTION ( 'NONE',  ( -1.000000000000000000, 0.000000000000000000, 0.000000000000000000 ) ) ;
#1644 = AXIS2_PLACEMENT_3D ( 'NONE', #360, #1347, #991 ) ;
#1645 = AXIS2_PLACEMENT_3D ( 'NONE', #852, #2107, #513 ) ;
#1646 = UNCERTAINTY_MEASURE_WITH_UNIT (LENGTH_MEASURE( 1.000000000000000082E-05 ), #718, 'distance_accuracy_value', 'NONE');
#1647 = EDGE_CURVE ( 'NONE', #1061, #1155, #1891, .T. ) ;
#1648 = CIRCLE ( 'NONE', #521, 0.6000000000000003109 ) ;
#1649 = VECTOR ( 'NONE', #209, 1000.000000000000000 ) ;
#1650 = FILL_AREA_STYLE_COLOUR ( '', #752 ) ;
#1651 = UNCERTAINTY_MEASURE_WITH_UNIT (LENGTH_MEASURE( 1.000000000000000082E-05 ), #654, 'distance_accuracy_value', 'NONE');
#1652 = PRESENTATION_LAYER_ASSIGNMENT (  '', '', ( #1247 ) ) ;
#1653 =( GEOMETRIC_REPRESENTATION_CONTEXT ( 3 ) GLOBAL_UNCERTAINTY_ASSIGNED_CONTEXT ( ( #586 ) ) GLOBAL_UNIT_ASSIGNED_CONTEXT ( ( #858, #1293, #558 ) ) REPRESENTATION_CONTEXT ( 'NONE', 'WORKASPACE' ) );
#1654 = CARTESIAN_POINT ( 'NONE',  ( -2.745000000000000551, -3.588743329438985007E-16, 1.399999999999999911 ) ) ;
#1655 = ORIENTED_EDGE ( 'NONE', *, *, #181, .T. ) ;
#1656 = DIRECTION ( 'NONE',  ( 0.000000000000000000, -0.000000000000000000, 1.000000000000000000 ) ) ;
#1657 = CARTESIAN_POINT ( 'NONE',  ( 2.890000000000000124, -1.880000000000000338, 1.069999999999999840 ) ) ;
#1658 = DIRECTION ( 'NONE',  ( 0.000000000000000000, -0.000000000000000000, -1.000000000000000000 ) ) ;
#1659 = ORIENTED_EDGE ( 'NONE', *, *, #1548, .T. ) ;
#1660 = PRESENTATION_STYLE_ASSIGNMENT (( #940 ) ) ;
#1661 = FILL_AREA_STYLE_COLOUR ( '', #1721 ) ;
#1662 = STYLED_ITEM ( 'NONE', ( #2112 ), #169 ) ;
#1663 = LINE ( 'NONE', #1317, #1377 ) ;
#1664 =( LENGTH_UNIT ( ) NAMED_UNIT ( * ) SI_UNIT ( .MILLI., .METRE. ) );
#1665 = ORIENTED_EDGE ( 'NONE', *, *, #1748, .T. ) ;
#1666 = PRESENTATION_STYLE_ASSIGNMENT (( #1680 ) ) ;
#1667 =( NAMED_UNIT ( * ) PLANE_ANGLE_UNIT ( ) SI_UNIT ( $, .RADIAN. ) );
#1668 = AXIS2_PLACEMENT_3D ( 'NONE', #2229, #306, #143 ) ;
#1669 = COLOUR_RGB ( '',0.8980392156862745390, 0.9176470588235293713, 0.9294117647058823817 ) ;
#1670 = ORIENTED_EDGE ( 'NONE', *, *, #462, .T. ) ;
#1671 = CARTESIAN_POINT ( 'NONE',  ( 4.769999999999999574, 2.586369445532682231E-16, 0.000000000000000000 ) ) ;
#1672 = DIRECTION ( 'NONE',  ( 0.000000000000000000, 0.000000000000000000, -1.000000000000000000 ) ) ;
#1673 = EDGE_CURVE ( 'NONE', #582, #475, #107, .T. ) ;
#1674 = CARTESIAN_POINT ( 'NONE',  ( -2.889999999999999680, 2.594025392345131626E-16, 7.349999999999999645 ) ) ;
#1675 = DIRECTION ( 'NONE',  ( 0.000000000000000000, -0.000000000000000000, 1.000000000000000000 ) ) ;
#1676 = EDGE_CURVE ( 'NONE', #418, #425, #1047, .T. ) ;
#1677 = DIRECTION ( 'NONE',  ( 0.000000000000000000, 1.000000000000000000, -3.011672701348623483E-16 ) ) ;
#1678 = AXIS2_PLACEMENT_3D ( 'NONE', #352, #1218, #1424 ) ;
#1679 = VERTEX_POINT ( 'NONE', #324 ) ;
#1680 = SURFACE_STYLE_USAGE ( .BOTH. , #631 ) ;
#1681 = ORIENTED_EDGE ( 'NONE', *, *, #563, .F. ) ;
#1682 = AXIS2_PLACEMENT_3D ( 'NONE', #781, #2218, #1335 ) ;
#1683 = CYLINDRICAL_SURFACE ( 'NONE', #1386, 0.8500000000000004219 ) ;
#1684 = CIRCLE ( 'NONE', #1052, 0.6000000000000003109 ) ;
#1685 = AXIS2_PLACEMENT_3D ( 'NONE', #2068, #1578, #2273 ) ;
#1686 = LINE ( 'NONE', #1509, #1913 ) ;
#1687 = VECTOR ( 'NONE', #1104, 1000.000000000000000 ) ;
#1688 = PRESENTATION_STYLE_ASSIGNMENT (( #1387 ) ) ;
#1689 = VECTOR ( 'NONE', #1819, 1000.000000000000000 ) ;
#1690 = EDGE_LOOP ( 'NONE', ( #1902, #505, #1862, #367 ) ) ;
#1691 = PRESENTATION_STYLE_ASSIGNMENT (( #1729 ) ) ;
#1692 = ORIENTED_EDGE ( 'NONE', *, *, #1373, .F. ) ;
#1693 = LINE ( 'NONE', #114, #1525 ) ;
#1694 = CARTESIAN_POINT ( 'NONE',  ( -2.745000000000000551, 0.6000000000000004219, 14.14677129231225727 ) ) ;
#1695 = AXIS2_PLACEMENT_3D ( 'NONE', #1254, #37, #1677 ) ;
#1696 = FILL_AREA_STYLE ('',( #944 ) ) ;
#1697 = ORIENTED_EDGE ( 'NONE', *, *, #1305, .T. ) ;
#1698 = SURFACE_STYLE_FILL_AREA ( #1522 ) ;
#1699 = CYLINDRICAL_SURFACE ( 'NONE', #2194, 0.6000000000000003109 ) ;
#1700 = SURFACE_SIDE_STYLE ('',( #1551 ) ) ;
#1701 = MECHANICAL_DESIGN_GEOMETRIC_PRESENTATION_REPRESENTATION (  '', ( #116 ), #1892 ) ;
#1702 = ORIENTED_EDGE ( 'NONE', *, *, #803, .F. ) ;
#1703 = DIRECTION ( 'NONE',  ( 0.000000000000000000, 0.000000000000000000, 1.000000000000000000 ) ) ;
#1704 = ORIENTED_EDGE ( 'NONE', *, *, #803, .T. ) ;
#1705 = MECHANICAL_DESIGN_GEOMETRIC_PRESENTATION_REPRESENTATION (  '', ( #1418 ), #1286 ) ;
#1706 = CARTESIAN_POINT ( 'NONE',  ( 2.745000000000000551, 0.6000000000000004219, 7.349999999999999645 ) ) ;
#1707 = VECTOR ( 'NONE', #214, 1000.000000000000000 ) ;
#1708 = FILL_AREA_STYLE_COLOUR ( '', #1284 ) ;
#1709 = FILL_AREA_STYLE ('',( #1011 ) ) ;
#1710 = FACE_OUTER_BOUND ( 'NONE', #634, .T. ) ;
#1711 = CARTESIAN_POINT ( 'NONE',  ( 2.889999999999999680, 2.586369445532682231E-16, 7.349999999999999645 ) ) ;
#1712 = PRESENTATION_LAYER_ASSIGNMENT (  '', '', ( #14 ) ) ;
#1713 = ORIENTED_EDGE ( 'NONE', *, *, #849, .T. ) ;
#1714 = PRESENTATION_STYLE_ASSIGNMENT (( #1149 ) ) ;
#1715 = ADVANCED_FACE ( 'NONE', ( #294 ), #1565, .F. ) ;
#1716 = ORIENTED_EDGE ( 'NONE', *, *, #986, .F. ) ;
#1717 = DIRECTION ( 'NONE',  ( 0.000000000000000000, 0.000000000000000000, -1.000000000000000000 ) ) ;
#1718 = COLOUR_RGB ( '',0.8980392156862745390, 0.9176470588235293713, 0.9294117647058823817 ) ;
#1719 = EDGE_CURVE ( 'NONE', #12, #1461, #1932, .T. ) ;
#1720 = UNCERTAINTY_MEASURE_WITH_UNIT (LENGTH_MEASURE( 1.000000000000000082E-05 ), #429, 'distance_accuracy_value', 'NONE');
#1721 = COLOUR_RGB ( '',0.8980392156862745390, 0.9176470588235293713, 0.9294117647058823817 ) ;
#1722 = ADVANCED_BREP_SHAPE_REPRESENTATION ( 'usbc', ( #937, #1322 ), #127 ) ;
#1723 = VECTOR ( 'NONE', #1060, 1000.000000000000000 ) ;
#1724 = FILL_AREA_STYLE ('',( #1013 ) ) ;
#1725 = ORIENTED_EDGE ( 'NONE', *, *, #1443, .F. ) ;
#1726 = CARTESIAN_POINT ( 'NONE',  ( -2.889999999999999680, -1.279999999999999361, 7.349999999999999645 ) ) ;
#1727 = MECHANICAL_DESIGN_GEOMETRIC_PRESENTATION_REPRESENTATION (  '', ( #1436 ), #1979 ) ;
#1728 = VECTOR ( 'NONE', #1345, 1000.000000000000000 ) ;
#1729 = SURFACE_STYLE_USAGE ( .BOTH. , #1700 ) ;
#1730 = ORIENTED_EDGE ( 'NONE', *, *, #2004, .F. ) ;
#1731 = DIRECTION ( 'NONE',  ( 0.000000000000000000, 0.000000000000000000, 1.000000000000000000 ) ) ;
#1732 = ORIENTED_EDGE ( 'NONE', *, *, #1814, .T. ) ;
#1733 = FACE_OUTER_BOUND ( 'NONE', #970, .T. ) ;
#1734 = VECTOR ( 'NONE', #1812, 1000.000000000000000 ) ;
#1735 = PRESENTATION_STYLE_ASSIGNMENT (( #1396 ) ) ;
#1736 = EDGE_LOOP ( 'NONE', ( #1105, #565, #2153, #1007, #499, #1468, #689, #2015, #712, #2096, #732, #298 ) ) ;
#1737 = CARTESIAN_POINT ( 'NONE',  ( 2.745000000000000551, 4.943996045045865550E-16, 1.399999999999999911 ) ) ;
#1738 = VERTEX_POINT ( 'NONE', #1587 ) ;
#1739 = PRESENTATION_LAYER_ASSIGNMENT (  '', '', ( #612 ) ) ;
#1740 = SURFACE_STYLE_USAGE ( .BOTH. , #1034 ) ;
#1741 = AXIS2_PLACEMENT_3D ( 'NONE', #1654, #1971, #227 ) ;
#1742 = CARTESIAN_POINT ( 'NONE',  ( 4.169999999999999929, -2.180000000000000604, 5.029999999999999361 ) ) ;
#1743 = AXIS2_PLACEMENT_3D ( 'NONE', #1425, #1438, #194 ) ;
#1744 = DIRECTION ( 'NONE',  ( -1.000000000000000000, -0.000000000000000000, -0.000000000000000000 ) ) ;
#1745 =( NAMED_UNIT ( * ) PLANE_ANGLE_UNIT ( ) SI_UNIT ( $, .RADIAN. ) );
#1746 = UNCERTAINTY_MEASURE_WITH_UNIT (LENGTH_MEASURE( 1.000000000000000082E-05 ), #472, 'distance_accuracy_value', 'NONE');
#1747 = EDGE_CURVE ( 'NONE', #1043, #660, #389, .T. ) ;
#1748 = EDGE_CURVE ( 'NONE', #1679, #660, #1793, .T. ) ;
#1749 = CARTESIAN_POINT ( 'NONE',  ( 2.890000000000000124, -2.580000000000000515, 1.069999999999999840 ) ) ;
#1750 = ORIENTED_EDGE ( 'NONE', *, *, #420, .T. ) ;
#1751 =( NAMED_UNIT ( * ) SI_UNIT ( $, .STERADIAN. ) SOLID_ANGLE_UNIT ( ) );
#1752 = EDGE_LOOP ( 'NONE', ( #2178, #2023, #1148, #2185 ) ) ;
#1753 = FACE_OUTER_BOUND ( 'NONE', #1242, .T. ) ;
#1754 = DIRECTION ( 'NONE',  ( 0.000000000000000000, 0.000000000000000000, 1.000000000000000000 ) ) ;
#1755 = PRESENTATION_STYLE_ASSIGNMENT (( #836 ) ) ;
#1756 = COLOUR_RGB ( '',0.8980392156862745390, 0.9176470588235293713, 0.9294117647058823817 ) ;
#1757 = PRESENTATION_STYLE_ASSIGNMENT (( #1037 ) ) ;
#1758 = CIRCLE ( 'NONE', #1838, 1.279999999999999361 ) ;
#1759 = ORIENTED_EDGE ( 'NONE', *, *, #2098, .T. ) ;
#1760 = PRESENTATION_STYLE_ASSIGNMENT (( #485 ) ) ;
#1761 = DIRECTION ( 'NONE',  ( 0.000000000000000000, 0.000000000000000000, 1.000000000000000000 ) ) ;
#1762 = ORIENTED_EDGE ( 'NONE', *, *, #1719, .F. ) ;
#1763 = MECHANICAL_DESIGN_GEOMETRIC_PRESENTATION_REPRESENTATION (  '', ( #1247 ), #1024 ) ;
#1764 = DIRECTION ( 'NONE',  ( -0.000000000000000000, 3.011672701348623483E-16, 1.000000000000000000 ) ) ;
#1765 = CARTESIAN_POINT ( 'NONE',  ( 2.890000000000000568, 1.279999999999999361, 7.349999999999999645 ) ) ;
#1766 = FACE_BOUND ( 'NONE', #2133, .T. ) ;
#1767 = CARTESIAN_POINT ( 'NONE',  ( -4.169999999999999929, -1.880000000000000338, 4.330000000000000071 ) ) ;
#1768 = COLOUR_RGB ( '',0.8980392156862745390, 0.9176470588235293713, 0.9294117647058823817 ) ;
#1769 = EDGE_CURVE ( 'NONE', #46, #282, #197, .T. ) ;
#1770 = EDGE_LOOP ( 'NONE', ( #113, #120, #939, #1665 ) ) ;
#1771 = FILL_AREA_STYLE_COLOUR ( '', #1327 ) ;
#1772 = FILL_AREA_STYLE ('',( #1431 ) ) ;
#1773 = EDGE_CURVE ( 'NONE', #425, #905, #11, .T. ) ;
#1774 = ORIENTED_EDGE ( 'NONE', *, *, #2169, .F. ) ;
#1775 = DIRECTION ( 'NONE',  ( -0.000000000000000000, -0.000000000000000000, 1.000000000000000000 ) ) ;
#1776 =( LENGTH_UNIT ( ) NAMED_UNIT ( * ) SI_UNIT ( .MILLI., .METRE. ) );
#1777 = COLOUR_RGB ( '',0.8980392156862745390, 0.9176470588235293713, 0.9294117647058823817 ) ;
#1778 = DIRECTION ( 'NONE',  ( 0.000000000000000000, 0.000000000000000000, -1.000000000000000000 ) ) ;
#1779 = VECTOR ( 'NONE', #548, 1000.000000000000000 ) ;
#1780 = DIRECTION ( 'NONE',  ( 1.000000000000000000, 0.000000000000000000, 0.000000000000000000 ) ) ;
#1781 = PRESENTATION_LAYER_ASSIGNMENT (  '', '', ( #1226 ) ) ;
#1782 = ORIENTED_EDGE ( 'NONE', *, *, #1594, .T. ) ;
#1783 =( LENGTH_UNIT ( ) NAMED_UNIT ( * ) SI_UNIT ( .MILLI., .METRE. ) );
#1784 = FILL_AREA_STYLE_COLOUR ( '', #1342 ) ;
#1785 = CARTESIAN_POINT ( 'NONE',  ( -2.889999999999999680, 2.594025392345131626E-16, 1.400000000000000133 ) ) ;
#1786 = ORIENTED_EDGE ( 'NONE', *, *, #643, .T. ) ;
#1787 = CARTESIAN_POINT ( 'NONE',  ( -4.769999999999999574, 2.594025392345131626E-16, 7.349999999999999645 ) ) ;
#1788 = DIRECTION ( 'NONE',  ( -0.000000000000000000, -0.000000000000000000, -1.000000000000000000 ) ) ;
#1789 = EDGE_CURVE ( 'NONE', #317, #770, #206, .T. ) ;
#1790 = CARTESIAN_POINT ( 'NONE',  ( 2.889999999999999236, -1.880000000000000115, 1.725813553570450409 ) ) ;
#1791 =( LENGTH_UNIT ( ) NAMED_UNIT ( * ) SI_UNIT ( .MILLI., .METRE. ) );
#1792 = DIRECTION ( 'NONE',  ( -0.000000000000000000, -3.011672701348622990E-16, -1.000000000000000000 ) ) ;
#1793 = LINE ( 'NONE', #1249, #1171 ) ;
#1794 = CIRCLE ( 'NONE', #131, 1.880000000000000338 ) ;
#1795 = ORIENTED_EDGE ( 'NONE', *, *, #811, .T. ) ;
#1796 = PRESENTATION_STYLE_ASSIGNMENT (( #1629 ) ) ;
#1797 = CARTESIAN_POINT ( 'NONE',  ( 4.169999999999999929, -1.376953158244680342, 1.725813553570450631 ) ) ;
#1798 = AXIS2_PLACEMENT_3D ( 'NONE', #599, #2063, #1703 ) ;
#1799 = CARTESIAN_POINT ( 'NONE',  ( 2.890000000000000124, -2.680000000000000604, 1.069999999999999840 ) ) ;
#1800 = ORIENTED_EDGE ( 'NONE', *, *, #2074, .F. ) ;
#1801 =( LENGTH_UNIT ( ) NAMED_UNIT ( * ) SI_UNIT ( .MILLI., .METRE. ) );
#1802 = PRESENTATION_STYLE_ASSIGNMENT (( #1584 ) ) ;
#1803 = CIRCLE ( 'NONE', #1572, 0.8500000000000003109 ) ;
#1804 = DIRECTION ( 'NONE',  ( 0.000000000000000000, 1.000000000000000000, -3.011672701348623483E-16 ) ) ;
#1805 = PRESENTATION_STYLE_ASSIGNMENT (( #2126 ) ) ;
#1806 = PLANE ( 'NONE',  #118 ) ;
#1807 = FILL_AREA_STYLE_COLOUR ( '', #461 ) ;
#1808 = PRODUCT_DEFINITION_SHAPE ( 'NONE', 'NONE',  #90 ) ;
#1809 = EDGE_LOOP ( 'NONE', ( #177, #2168, #1381, #873 ) ) ;
#1810 = SURFACE_STYLE_USAGE ( .BOTH. , #409 ) ;
#1811 = CARTESIAN_POINT ( 'NONE',  ( -4.169999999999999041, 2.594025392345131626E-16, 1.400000000000000133 ) ) ;
#1812 = DIRECTION ( 'NONE',  ( 0.000000000000000000, 1.000000000000000000, -3.011672701348623483E-16 ) ) ;
#1813 = LINE ( 'NONE', #1323, #2239 ) ;
#1814 = EDGE_CURVE ( 'NONE', #1379, #132, #535, .T. ) ;
#1815 = SURFACE_STYLE_FILL_AREA ( #7 ) ;
#1816 =( GEOMETRIC_REPRESENTATION_CONTEXT ( 3 ) GLOBAL_UNCERTAINTY_ASSIGNED_CONTEXT ( ( #459 ) ) GLOBAL_UNIT_ASSIGNED_CONTEXT ( ( #716, #1217, #63 ) ) REPRESENTATION_CONTEXT ( 'NONE', 'WORKASPACE' ) );
#1817 = CARTESIAN_POINT ( 'NONE',  ( -2.889999999999999680, 1.279999999999999361, 7.349999999999999645 ) ) ;
#1818 = DIRECTION ( 'NONE',  ( 0.000000000000000000, 0.000000000000000000, -1.000000000000000000 ) ) ;
#1819 = DIRECTION ( 'NONE',  ( 0.000000000000000000, 0.000000000000000000, -1.000000000000000000 ) ) ;
#1820 = CIRCLE ( 'NONE', #504, 0.2500000000000002220 ) ;
#1821 = PRODUCT_CONTEXT ( 'NONE', #1098, 'mechanical' ) ;
#1822 =( GEOMETRIC_REPRESENTATION_CONTEXT ( 3 ) GLOBAL_UNCERTAINTY_ASSIGNED_CONTEXT ( ( #681 ) ) GLOBAL_UNIT_ASSIGNED_CONTEXT ( ( #1776, #1598, #19 ) ) REPRESENTATION_CONTEXT ( 'NONE', 'WORKASPACE' ) );
#1823 = EDGE_LOOP ( 'NONE', ( #1326, #1844, #796, #208 ) ) ;
#1824 =( NAMED_UNIT ( * ) PLANE_ANGLE_UNIT ( ) SI_UNIT ( $, .RADIAN. ) );
#1825 =( NAMED_UNIT ( * ) SI_UNIT ( $, .STERADIAN. ) SOLID_ANGLE_UNIT ( ) );
#1826 = EDGE_CURVE ( 'NONE', #263, #2089, #1624, .T. ) ;
#1827 = LINE ( 'NONE', #1445, #2143 ) ;
#1828 = LINE ( 'NONE', #102, #812 ) ;
#1829 = SURFACE_STYLE_USAGE ( .BOTH. , #1620 ) ;
#1830 = CARTESIAN_POINT ( 'NONE',  ( 4.169999999999999929, -2.180000000000000604, 4.330000000000000071 ) ) ;
#1831 = DIRECTION ( 'NONE',  ( -1.000000000000000000, 0.000000000000000000, 0.000000000000000000 ) ) ;
#1832 = PLANE ( 'NONE',  #494 ) ;
#1833 =( NAMED_UNIT ( * ) SI_UNIT ( $, .STERADIAN. ) SOLID_ANGLE_UNIT ( ) );
#1834 = VERTEX_POINT ( 'NONE', #724 ) ;
#1835 =( LENGTH_UNIT ( ) NAMED_UNIT ( * ) SI_UNIT ( .MILLI., .METRE. ) );
#1836 = VECTOR ( 'NONE', #2252, 1000.000000000000000 ) ;
#1837 =( NAMED_UNIT ( * ) PLANE_ANGLE_UNIT ( ) SI_UNIT ( $, .RADIAN. ) );
#1838 = AXIS2_PLACEMENT_3D ( 'NONE', #1674, #51, #402 ) ;
#1839 = STYLED_ITEM ( 'NONE', ( #1169 ), #1589 ) ;
#1840 = CARTESIAN_POINT ( 'NONE',  ( 2.889999999999999680, 1.279999999999999361, 7.349999999999999645 ) ) ;
#1841 = VECTOR ( 'NONE', #645, 1000.000000000000000 ) ;
#1842 = PRESENTATION_STYLE_ASSIGNMENT (( #417 ) ) ;
#1843 = EDGE_CURVE ( 'NONE', #1279, #863, #1639, .T. ) ;
#1844 = ORIENTED_EDGE ( 'NONE', *, *, #313, .T. ) ;
#1845 = CARTESIAN_POINT ( 'NONE',  ( 4.169999999999999929, -2.180000000000000604, 5.730000000000000426 ) ) ;
#1846 = EDGE_CURVE ( 'NONE', #770, #1043, #2115, .T. ) ;
#1847 = SURFACE_STYLE_USAGE ( .BOTH. , #1313 ) ;
#1848 = EDGE_CURVE ( 'NONE', #1870, #2251, #1069, .T. ) ;
#1849 = VERTEX_POINT ( 'NONE', #1613 ) ;
#1850 = ADVANCED_FACE ( 'NONE', ( #696 ), #1263, .T. ) ;
#1851 = PRESENTATION_LAYER_ASSIGNMENT (  '', '', ( #1662 ) ) ;
#1852 = DIRECTION ( 'NONE',  ( 0.000000000000000000, 0.000000000000000000, 1.000000000000000000 ) ) ;
#1853 =( NAMED_UNIT ( * ) PLANE_ANGLE_UNIT ( ) SI_UNIT ( $, .RADIAN. ) );
#1854 = MECHANICAL_DESIGN_GEOMETRIC_PRESENTATION_REPRESENTATION (  '', ( #612 ), #1995 ) ;
#1855 = VERTEX_POINT ( 'NONE', #2141 ) ;
#1856 = CARTESIAN_POINT ( 'NONE',  ( -2.889999999999999680, 2.594025392345131626E-16, 1.400000000000000133 ) ) ;
#1857 = COLOUR_RGB ( '',0.8980392156862745390, 0.9176470588235293713, 0.9294117647058823817 ) ;
#1858 = CARTESIAN_POINT ( 'NONE',  ( -4.169999999999999929, -2.180000000000000160, 4.330000000000000071 ) ) ;
#1859 =( LENGTH_UNIT ( ) NAMED_UNIT ( * ) SI_UNIT ( .MILLI., .METRE. ) );
#1860 =( GEOMETRIC_REPRESENTATION_CONTEXT ( 3 ) GLOBAL_UNCERTAINTY_ASSIGNED_CONTEXT ( ( #75 ) ) GLOBAL_UNIT_ASSIGNED_CONTEXT ( ( #1507, #1837, #926 ) ) REPRESENTATION_CONTEXT ( 'NONE', 'WORKASPACE' ) );
#1861 = VECTOR ( 'NONE', #1200, 1000.000000000000000 ) ;
#1862 = ORIENTED_EDGE ( 'NONE', *, *, #563, .T. ) ;
#1863 = DIRECTION ( 'NONE',  ( -0.000000000000000000, 1.000000000000000000, -0.000000000000000000 ) ) ;
#1864 = PRESENTATION_LAYER_ASSIGNMENT (  '', '', ( #1079 ) ) ;
#1865 = ADVANCED_FACE ( 'NONE', ( #549 ), #384, .T. ) ;
#1866 = CARTESIAN_POINT ( 'NONE',  ( -4.169999999999999929, 0.000000000000000000, 1.699999999999999956 ) ) ;
#1867 = VERTEX_POINT ( 'NONE', #2009 ) ;
#1868 = FACE_OUTER_BOUND ( 'NONE', #1736, .T. ) ;
#1869 = SURFACE_SIDE_STYLE ('',( #434 ) ) ;
#1870 = VERTEX_POINT ( 'NONE', #1331 ) ;
#1871 = COLOUR_RGB ( '',0.8980392156862745390, 0.9176470588235293713, 0.9294117647058823817 ) ;
#1872 = DIRECTION ( 'NONE',  ( 0.000000000000000000, 0.000000000000000000, 1.000000000000000000 ) ) ;
#1873 = LINE ( 'NONE', #2030, #1974 ) ;
#1874 = VECTOR ( 'NONE', #777, 1000.000000000000000 ) ;
#1875 = PRESENTATION_LAYER_ASSIGNMENT (  '', '', ( #1244 ) ) ;
#1876 = EDGE_CURVE ( 'NONE', #475, #1285, #1520, .T. ) ;
#1877 = VECTOR ( 'NONE', #1972, 1000.000000000000000 ) ;
#1878 = AXIS2_PLACEMENT_3D ( 'NONE', #1603, #1083, #387 ) ;
#1879 = CARTESIAN_POINT ( 'NONE',  ( -4.769999999999999574, -2.180000000000000160, 4.330000000000000071 ) ) ;
#1880 = ORIENTED_EDGE ( 'NONE', *, *, #946, .F. ) ;
#1881 = SURFACE_SIDE_STYLE ('',( #1173 ) ) ;
#1882 = ORIENTED_EDGE ( 'NONE', *, *, #2004, .T. ) ;
#1883 = UNCERTAINTY_MEASURE_WITH_UNIT (LENGTH_MEASURE( 1.000000000000000082E-05 ), #1835, 'distance_accuracy_value', 'NONE');
#1884 = DIRECTION ( 'NONE',  ( -0.000000000000000000, -0.000000000000000000, -1.000000000000000000 ) ) ;
#1885 = ADVANCED_FACE ( 'NONE', ( #1129, #2204 ), #1832, .F. ) ;
#1886 = PLANE ( 'NONE',  #1678 ) ;
#1887 = CARTESIAN_POINT ( 'NONE',  ( -2.890000000000000124, -2.680000000000000604, 0.9199999999999993738 ) ) ;
#1888 = FILL_AREA_STYLE_COLOUR ( '', #1768 ) ;
#1889 = DIRECTION ( 'NONE',  ( 0.000000000000000000, 0.000000000000000000, 1.000000000000000000 ) ) ;
#1890 =( NAMED_UNIT ( * ) PLANE_ANGLE_UNIT ( ) SI_UNIT ( $, .RADIAN. ) );
#1891 = LINE ( 'NONE', #1726, #755 ) ;
#1892 =( GEOMETRIC_REPRESENTATION_CONTEXT ( 3 ) GLOBAL_UNCERTAINTY_ASSIGNED_CONTEXT ( ( #636 ) ) GLOBAL_UNIT_ASSIGNED_CONTEXT ( ( #1110, #553, #1136 ) ) REPRESENTATION_CONTEXT ( 'NONE', 'WORKASPACE' ) );
#1893 = ORIENTED_EDGE ( 'NONE', *, *, #1848, .T. ) ;
#1894 = EDGE_CURVE ( 'NONE', #86, #1193, #2041, .T. ) ;
#1895 = ORIENTED_EDGE ( 'NONE', *, *, #2203, .T. ) ;
#1896 = DIRECTION ( 'NONE',  ( 0.000000000000000000, 0.000000000000000000, -1.000000000000000000 ) ) ;
#1897 =( GEOMETRIC_REPRESENTATION_CONTEXT ( 3 ) GLOBAL_UNCERTAINTY_ASSIGNED_CONTEXT ( ( #1066 ) ) GLOBAL_UNIT_ASSIGNED_CONTEXT ( ( #1138, #966, #611 ) ) REPRESENTATION_CONTEXT ( 'NONE', 'WORKASPACE' ) );
#1898 = DIRECTION ( 'NONE',  ( -0.000000000000000000, 1.000000000000000000, -0.000000000000000000 ) ) ;
#1899 = SURFACE_STYLE_FILL_AREA ( #1343 ) ;
#1900 =( NAMED_UNIT ( * ) SI_UNIT ( $, .STERADIAN. ) SOLID_ANGLE_UNIT ( ) );
#1901 = CYLINDRICAL_SURFACE ( 'NONE', #1290, 1.279999999999999361 ) ;
#1902 = ORIENTED_EDGE ( 'NONE', *, *, #134, .T. ) ;
#1903 = CARTESIAN_POINT ( 'NONE',  ( 2.890000000000000124, -2.680000000000000604, 1.320000000000000062 ) ) ;
#1904 =( GEOMETRIC_REPRESENTATION_CONTEXT ( 3 ) GLOBAL_UNCERTAINTY_ASSIGNED_CONTEXT ( ( #1287 ) ) GLOBAL_UNIT_ASSIGNED_CONTEXT ( ( #15, #530, #388 ) ) REPRESENTATION_CONTEXT ( 'NONE', 'WORKASPACE' ) );
#1905 = PRESENTATION_LAYER_ASSIGNMENT (  '', '', ( #1935 ) ) ;
#1906 = LINE ( 'NONE', #318, #49 ) ;
#1907 = AXIS2_PLACEMENT_3D ( 'NONE', #1448, #2000, #1656 ) ;
#1908 = DIRECTION ( 'NONE',  ( -0.000000000000000000, -0.000000000000000000, -1.000000000000000000 ) ) ;
#1909 = UNCERTAINTY_MEASURE_WITH_UNIT (LENGTH_MEASURE( 1.000000000000000082E-05 ), #976, 'distance_accuracy_value', 'NONE');
#1910 = CARTESIAN_POINT ( 'NONE',  ( -2.745000000000001439, -0.6000000000000004219, 1.399999999999999911 ) ) ;
#1911 =( NAMED_UNIT ( * ) PLANE_ANGLE_UNIT ( ) SI_UNIT ( $, .RADIAN. ) );
#1912 = VECTOR ( 'NONE', #1990, 1000.000000000000000 ) ;
#1913 = VECTOR ( 'NONE', #2196, 1000.000000000000000 ) ;
#1914 = EDGE_LOOP ( 'NONE', ( #128, #610, #435, #1561 ) ) ;
#1915 = CARTESIAN_POINT ( 'NONE',  ( -2.890000000000000124, -2.580000000000000515, 1.220000000000000195 ) ) ;
#1916 = CARTESIAN_POINT ( 'NONE',  ( -2.745000000000000551, -0.6000000000000004219, 7.349999999999999645 ) ) ;
#1917 = ORIENTED_EDGE ( 'NONE', *, *, #496, .F. ) ;
#1918 = CARTESIAN_POINT ( 'NONE',  ( 4.169999999999999929, -2.180000000000000604, 5.029999999999999361 ) ) ;
#1919 = FACE_BOUND ( 'NONE', #1334, .T. ) ;
#1920 = MECHANICAL_DESIGN_GEOMETRIC_PRESENTATION_REPRESENTATION (  '', ( #626 ), #839 ) ;
#1921 = FILL_AREA_STYLE ('',( #2238 ) ) ;
#1922 = ORIENTED_EDGE ( 'NONE', *, *, #358, .F. ) ;
#1923 = SURFACE_STYLE_FILL_AREA ( #1409 ) ;
#1924 = LINE ( 'NONE', #1903, #1723 ) ;
#1925 = ORIENTED_EDGE ( 'NONE', *, *, #327, .T. ) ;
#1926 = CIRCLE ( 'NONE', #325, 0.8500000000000003109 ) ;
#1927 = CARTESIAN_POINT ( 'NONE',  ( -2.890000000000000124, -2.680000000000000604, 1.069999999999999840 ) ) ;
#1928 = CIRCLE ( 'NONE', #193, 1.880000000000000338 ) ;
#1929 =( LENGTH_UNIT ( ) NAMED_UNIT ( * ) SI_UNIT ( .MILLI., .METRE. ) );
#1930 = AXIS2_PLACEMENT_3D ( 'NONE', #1220, #1898, #1177 ) ;
#1931 = CARTESIAN_POINT ( 'NONE',  ( -2.890000000000000124, -1.880000000000000338, 0.8199999999999993960 ) ) ;
#1932 = LINE ( 'NONE', #228, #314 ) ;
#1933 = ORIENTED_EDGE ( 'NONE', *, *, #288, .F. ) ;
#1934 = ORIENTED_EDGE ( 'NONE', *, *, #640, .F. ) ;
#1935 = STYLED_ITEM ( 'NONE', ( #774 ), #2272 ) ;
#1936 = CARTESIAN_POINT ( 'NONE',  ( 4.769999999999999574, 2.586369445532682231E-16, 4.330000000000000071 ) ) ;
#1937 = EDGE_CURVE ( 'NONE', #2265, #263, #600, .T. ) ;
#1938 = EDGE_CURVE ( 'NONE', #1193, #246, #1686, .T. ) ;
#1939 = DIRECTION ( 'NONE',  ( -1.000000000000000000, 0.000000000000000000, 0.000000000000000000 ) ) ;
#1940 = MECHANICAL_DESIGN_GEOMETRIC_PRESENTATION_REPRESENTATION (  '', ( #633 ), #1330 ) ;
#1941 = PRODUCT_DEFINITION_CONTEXT ( 'detailed design', #501, 'design' ) ;
#1942 = ORIENTED_EDGE ( 'NONE', *, *, #1676, .F. ) ;
#1943 = LINE ( 'NONE', #688, #1836 ) ;
#1944 = ORIENTED_EDGE ( 'NONE', *, *, #2117, .T. ) ;
#1945 = STYLED_ITEM ( 'NONE', ( #1735 ), #1715 ) ;
#1946 = DIRECTION ( 'NONE',  ( 0.000000000000000000, 0.000000000000000000, 1.000000000000000000 ) ) ;
#1947 = SURFACE_STYLE_FILL_AREA ( #734 ) ;
#1948 = CARTESIAN_POINT ( 'NONE',  ( -4.169999999999999929, 0.000000000000000000, 1.699999999999999956 ) ) ;
#1949 = DIRECTION ( 'NONE',  ( 0.000000000000000000, -1.000000000000000000, 0.000000000000000000 ) ) ;
#1950 =( GEOMETRIC_REPRESENTATION_CONTEXT ( 3 ) GLOBAL_UNCERTAINTY_ASSIGNED_CONTEXT ( ( #2018 ) ) GLOBAL_UNIT_ASSIGNED_CONTEXT ( ( #978, #1911, #482 ) ) REPRESENTATION_CONTEXT ( 'NONE', 'WORKASPACE' ) );
#1951 = ORIENTED_EDGE ( 'NONE', *, *, #951, .T. ) ;
#1952 = CARTESIAN_POINT ( 'NONE',  ( 2.745000000000000551, -0.5999999999999998668, 1.400000000000000133 ) ) ;
#1953 = FACE_OUTER_BOUND ( 'NONE', #2240, .T. ) ;
#1954 = FILL_AREA_STYLE ('',( #257 ) ) ;
#1955 = EDGE_CURVE ( 'NONE', #2119, #1155, #605, .T. ) ;
#1956 = ORIENTED_EDGE ( 'NONE', *, *, #640, .T. ) ;
#1957 =( NAMED_UNIT ( * ) PLANE_ANGLE_UNIT ( ) SI_UNIT ( $, .RADIAN. ) );
#1958 = SURFACE_SIDE_STYLE ('',( #1258 ) ) ;
#1959 = CARTESIAN_POINT ( 'NONE',  ( 2.890000000000000124, -2.680000000000000604, 1.069999999999999840 ) ) ;
#1960 = STYLED_ITEM ( 'NONE', ( #1243 ), #953 ) ;
#1961 = AXIS2_PLACEMENT_3D ( 'NONE', #525, #561, #1818 ) ;
#1962 = DIRECTION ( 'NONE',  ( 0.000000000000000000, 0.000000000000000000, -1.000000000000000000 ) ) ;
#1963 = PRESENTATION_LAYER_ASSIGNMENT (  '', '', ( #2177 ) ) ;
#1964 = ORIENTED_EDGE ( 'NONE', *, *, #1119, .T. ) ;
#1965 = CARTESIAN_POINT ( 'NONE',  ( 2.745000000000000551, 0.6000000000000004219, 1.399999999999999911 ) ) ;
#1966 = DIRECTION ( 'NONE',  ( 0.000000000000000000, -1.000000000000000000, 0.000000000000000000 ) ) ;
#1967 = PRESENTATION_STYLE_ASSIGNMENT (( #1583 ) ) ;
#1968 = UNCERTAINTY_MEASURE_WITH_UNIT (LENGTH_MEASURE( 1.000000000000000082E-05 ), #546, 'distance_accuracy_value', 'NONE');
#1969 = CYLINDRICAL_SURFACE ( 'NONE', #1998, 1.279999999999999361 ) ;
#1970 = CARTESIAN_POINT ( 'NONE',  ( -2.745000000000000551, -3.588743329438985007E-16, 1.399999999999999911 ) ) ;
#1971 = DIRECTION ( 'NONE',  ( 0.000000000000000000, 0.000000000000000000, 1.000000000000000000 ) ) ;
#1972 = DIRECTION ( 'NONE',  ( -0.000000000000000000, -0.000000000000000000, -1.000000000000000000 ) ) ;
#1973 = EDGE_CURVE ( 'NONE', #2230, #317, #115, .T. ) ;
#1974 = VECTOR ( 'NONE', #1000, 1000.000000000000000 ) ;
#1975 = ORIENTED_EDGE ( 'NONE', *, *, #1894, .T. ) ;
#1976 =( NAMED_UNIT ( * ) SI_UNIT ( $, .STERADIAN. ) SOLID_ANGLE_UNIT ( ) );
#1977 = PRESENTATION_STYLE_ASSIGNMENT (( #701 ) ) ;
#1978 = AXIS2_PLACEMENT_3D ( 'NONE', #1694, #463, #614 ) ;
#1979 =( GEOMETRIC_REPRESENTATION_CONTEXT ( 3 ) GLOBAL_UNCERTAINTY_ASSIGNED_CONTEXT ( ( #302 ) ) GLOBAL_UNIT_ASSIGNED_CONTEXT ( ( #838, #174, #1029 ) ) REPRESENTATION_CONTEXT ( 'NONE', 'WORKASPACE' ) );
#1980 = DIRECTION ( 'NONE',  ( -1.000000000000000000, 0.000000000000000000, 0.000000000000000000 ) ) ;
#1981 = AXIS2_PLACEMENT_3D ( 'NONE', #1093, #34, #1458 ) ;
#1982 = ORIENTED_EDGE ( 'NONE', *, *, #1938, .F. ) ;
#1983 = FACE_OUTER_BOUND ( 'NONE', #644, .T. ) ;
#1984 = COLOUR_RGB ( '',0.8980392156862745390, 0.9176470588235293713, 0.9294117647058823817 ) ;
#1985 = EDGE_CURVE ( 'NONE', #964, #1870, #1803, .T. ) ;
#1986 = DIRECTION ( 'NONE',  ( 1.000000000000000000, 0.000000000000000000, 0.000000000000000000 ) ) ;
#1987 = LINE ( 'NONE', #1276, #81 ) ;
#1988 = ORIENTED_EDGE ( 'NONE', *, *, #2169, .T. ) ;
#1989 = SURFACE_STYLE_FILL_AREA ( #220 ) ;
#1990 = DIRECTION ( 'NONE',  ( -0.000000000000000000, 1.000000000000000000, -3.011672701348622990E-16 ) ) ;
#1991 = SURFACE_STYLE_FILL_AREA ( #1337 ) ;
#1992 = ORIENTED_EDGE ( 'NONE', *, *, #2203, .F. ) ;
#1993 = LINE ( 'NONE', #2049, #2103 ) ;
#1994 = DIRECTION ( 'NONE',  ( 1.000000000000000000, -0.000000000000000000, -0.000000000000000000 ) ) ;
#1995 =( GEOMETRIC_REPRESENTATION_CONTEXT ( 3 ) GLOBAL_UNCERTAINTY_ASSIGNED_CONTEXT ( ( #319 ) ) GLOBAL_UNIT_ASSIGNED_CONTEXT ( ( #541, #1617, #691 ) ) REPRESENTATION_CONTEXT ( 'NONE', 'WORKASPACE' ) );
#1996 = PLANE ( 'NONE',  #270 ) ;
#1997 = SURFACE_SIDE_STYLE ('',( #394 ) ) ;
#1998 = AXIS2_PLACEMENT_3D ( 'NONE', #2125, #1788, #1609 ) ;
#1999 = ORIENTED_EDGE ( 'NONE', *, *, #2253, .F. ) ;
#2000 = DIRECTION ( 'NONE',  ( 0.000000000000000000, 1.000000000000000000, 0.000000000000000000 ) ) ;
#2001 = CARTESIAN_POINT ( 'NONE',  ( -4.169999999999999929, -2.180000000000000604, 4.330000000000000071 ) ) ;
#2002 = ORIENTED_EDGE ( 'NONE', *, *, #1344, .F. ) ;
#2003 = VERTEX_POINT ( 'NONE', #59 ) ;
#2004 = EDGE_CURVE ( 'NONE', #86, #2200, #2164, .T. ) ;
#2005 =( GEOMETRIC_REPRESENTATION_CONTEXT ( 3 ) GLOBAL_UNCERTAINTY_ASSIGNED_CONTEXT ( ( #925 ) ) GLOBAL_UNIT_ASSIGNED_CONTEXT ( ( #136, #1957, #693 ) ) REPRESENTATION_CONTEXT ( 'NONE', 'WORKASPACE' ) );
#2006 =( NAMED_UNIT ( * ) PLANE_ANGLE_UNIT ( ) SI_UNIT ( $, .RADIAN. ) );
#2007 =( NAMED_UNIT ( * ) SI_UNIT ( $, .STERADIAN. ) SOLID_ANGLE_UNIT ( ) );
#2008 = EDGE_CURVE ( 'NONE', #800, #1568, #1267, .T. ) ;
#2009 = CARTESIAN_POINT ( 'NONE',  ( -4.769999999999999574, -2.180000000000000604, 5.730000000000000426 ) ) ;
#2010 = EDGE_CURVE ( 'NONE', #484, #2263, #1641, .T. ) ;
#2011 = ORIENTED_EDGE ( 'NONE', *, *, #1789, .F. ) ;
#2012 = FILL_AREA_STYLE_COLOUR ( '', #1718 ) ;
#2013 = DIRECTION ( 'NONE',  ( -1.000000000000000000, 0.000000000000000000, 0.000000000000000000 ) ) ;
#2014 = MECHANICAL_DESIGN_GEOMETRIC_PRESENTATION_REPRESENTATION (  '', ( #871 ), #2187 ) ;
#2015 = ORIENTED_EDGE ( 'NONE', *, *, #1305, .F. ) ;
#2016 = ORIENTED_EDGE ( 'NONE', *, *, #1057, .F. ) ;
#2017 = COLOUR_RGB ( '',0.8980392156862745390, 0.9176470588235293713, 0.9294117647058823817 ) ;
#2018 = UNCERTAINTY_MEASURE_WITH_UNIT (LENGTH_MEASURE( 1.000000000000000082E-05 ), #978, 'distance_accuracy_value', 'NONE');
#2019 = CARTESIAN_POINT ( 'NONE',  ( 4.769999999999999574, -2.030000000000000249, 2.486033002269127176E-16 ) ) ;
#2020 = DIRECTION ( 'NONE',  ( -0.000000000000000000, -0.000000000000000000, -1.000000000000000000 ) ) ;
#2021 = SURFACE_STYLE_FILL_AREA ( #1696 ) ;
#2022 =( LENGTH_UNIT ( ) NAMED_UNIT ( * ) SI_UNIT ( .MILLI., .METRE. ) );
#2023 = ORIENTED_EDGE ( 'NONE', *, *, #747, .T. ) ;
#2024 =( NAMED_UNIT ( * ) PLANE_ANGLE_UNIT ( ) SI_UNIT ( $, .RADIAN. ) );
#2025 =( NAMED_UNIT ( * ) PLANE_ANGLE_UNIT ( ) SI_UNIT ( $, .RADIAN. ) );
#2026 = ORIENTED_EDGE ( 'NONE', *, *, #1464, .F. ) ;
#2027 = DIRECTION ( 'NONE',  ( -0.000000000000000000, 1.000000000000000000, -0.000000000000000000 ) ) ;
#2028 = ADVANCED_FACE ( 'NONE', ( #1298 ), #757, .F. ) ;
#2029 = MECHANICAL_DESIGN_GEOMETRIC_PRESENTATION_REPRESENTATION (  '', ( #1033 ), #73 ) ;
#2030 = CARTESIAN_POINT ( 'NONE',  ( 4.169999999999999929, 0.000000000000000000, 1.699999999999999956 ) ) ;
#2031 = CARTESIAN_POINT ( 'NONE',  ( -2.889999999999999680, -1.279999999999999361, 7.349999999999999645 ) ) ;
#2032 = CIRCLE ( 'NONE', #1312, 0.1500000000000003830 ) ;
#2033 = ORIENTED_EDGE ( 'NONE', *, *, #590, .T. ) ;
#2034 = CARTESIAN_POINT ( 'NONE',  ( -3.345000000000000639, -3.588743329438985007E-16, 7.349999999999999645 ) ) ;
#2035 =( GEOMETRIC_REPRESENTATION_CONTEXT ( 3 ) GLOBAL_UNCERTAINTY_ASSIGNED_CONTEXT ( ( #1187 ) ) GLOBAL_UNIT_ASSIGNED_CONTEXT ( ( #572, #943, #868 ) ) REPRESENTATION_CONTEXT ( 'NONE', 'WORKASPACE' ) );
#2036 = DIRECTION ( 'NONE',  ( -0.000000000000000000, -0.000000000000000000, -1.000000000000000000 ) ) ;
#2037 = EDGE_LOOP ( 'NONE', ( #1510, #1186, #144, #189, #817 ) ) ;
#2038 = CARTESIAN_POINT ( 'NONE',  ( -2.889999999999999680, -1.880000000000000338, 7.349999999999999645 ) ) ;
#2039 = SURFACE_STYLE_FILL_AREA ( #448 ) ;
#2040 = UNCERTAINTY_MEASURE_WITH_UNIT (LENGTH_MEASURE( 1.000000000000000082E-05 ), #874, 'distance_accuracy_value', 'NONE');
#2041 = LINE ( 'NONE', #69, #831 ) ;
#2042 = CIRCLE ( 'NONE', #372, 1.880000000000000115 ) ;
#2043 = ORIENTED_EDGE ( 'NONE', *, *, #1389, .F. ) ;
#2044 = FILL_AREA_STYLE_COLOUR ( '', #1756 ) ;
#2045 = FILL_AREA_STYLE_COLOUR ( '', #1567 ) ;
#2046 = ADVANCED_FACE ( 'NONE', ( #1106 ), #566, .F. ) ;
#2047 = DIRECTION ( 'NONE',  ( -1.000000000000000000, 0.000000000000000000, 0.000000000000000000 ) ) ;
#2048 = VERTEX_POINT ( 'NONE', #1952 ) ;
#2049 = CARTESIAN_POINT ( 'NONE',  ( 2.745000000000000551, -0.5999999999999998668, 14.14677129231225727 ) ) ;
#2050 = COLOUR_RGB ( '',0.05882352941176470507, 0.05882352941176470507, 0.05882352941176470507 ) ;
#2051 = DIRECTION ( 'NONE',  ( 1.000000000000000000, 0.000000000000000000, 0.000000000000000000 ) ) ;
#2052 = EDGE_CURVE ( 'NONE', #2163, #1867, #1473, .T. ) ;
#2053 = PRESENTATION_LAYER_ASSIGNMENT (  '', '', ( #1130 ) ) ;
#2054 = AXIS2_PLACEMENT_3D ( 'NONE', #1856, #261, #607 ) ;
#2055 = CARTESIAN_POINT ( 'NONE',  ( 2.889999999999999680, 2.586369445532682231E-16, 0.000000000000000000 ) ) ;
#2056 = SURFACE_STYLE_FILL_AREA ( #493 ) ;
#2057 = COLOUR_RGB ( '',0.8980392156862745390, 0.9176470588235293713, 0.9294117647058823817 ) ;
#2058 = CARTESIAN_POINT ( 'NONE',  ( -2.889999999999999680, 2.594025392345131626E-16, 7.349999999999999645 ) ) ;
#2059 = ADVANCED_FACE ( 'NONE', ( #813 ), #1241, .T. ) ;
#2060 = DIRECTION ( 'NONE',  ( 0.000000000000000000, -1.000000000000000000, 1.224646799147353207E-16 ) ) ;
#2061 = DIRECTION ( 'NONE',  ( -1.000000000000000000, 0.000000000000000000, -1.694065894508599692E-16 ) ) ;
#2062 = ORIENTED_EDGE ( 'NONE', *, *, #327, .F. ) ;
#2063 = DIRECTION ( 'NONE',  ( -0.000000000000000000, 1.000000000000000000, -0.000000000000000000 ) ) ;
#2064 = EDGE_LOOP ( 'NONE', ( #1762, #1795, #1238, #981 ) ) ;
#2065 = CARTESIAN_POINT ( 'NONE',  ( -2.745000000000000551, -3.588743329438985007E-16, 7.349999999999999645 ) ) ;
#2066 = COLOUR_RGB ( '',0.8980392156862745390, 0.9176470588235293713, 0.9294117647058823817 ) ;
#2067 = FACE_OUTER_BOUND ( 'NONE', #1914, .T. ) ;
#2068 = CARTESIAN_POINT ( 'NONE',  ( -2.890000000000000124, -2.580000000000000515, 1.069999999999999840 ) ) ;
#2069 = ORIENTED_EDGE ( 'NONE', *, *, #1614, .T. ) ;
#2070 = DIRECTION ( 'NONE',  ( 0.000000000000000000, -0.000000000000000000, -1.000000000000000000 ) ) ;
#2071 = VERTEX_POINT ( 'NONE', #2034 ) ;
#2072 = DIRECTION ( 'NONE',  ( -1.000000000000000000, -0.000000000000000000, -0.000000000000000000 ) ) ;
#2073 = AXIS2_PLACEMENT_3D ( 'NONE', #1742, #2267, #2080 ) ;
#2074 = EDGE_CURVE ( 'NONE', #428, #1849, #443, .T. ) ;
#2075 = ORIENTED_EDGE ( 'NONE', *, *, #1846, .T. ) ;
#2076 = LINE ( 'NONE', #486, #1474 ) ;
#2077 = ADVANCED_FACE ( 'NONE', ( #1868 ), #1168, .T. ) ;
#2078 = ORIENTED_EDGE ( 'NONE', *, *, #1353, .T. ) ;
#2079 =( NAMED_UNIT ( * ) SI_UNIT ( $, .STERADIAN. ) SOLID_ANGLE_UNIT ( ) );
#2080 = DIRECTION ( 'NONE',  ( 0.000000000000000000, 0.000000000000000000, 1.000000000000000000 ) ) ;
#2081 = SURFACE_STYLE_FILL_AREA ( #1709 ) ;
#2082 = PRESENTATION_STYLE_ASSIGNMENT (( #1027 ) ) ;
#2083 = STYLED_ITEM ( 'NONE', ( #995 ), #1321 ) ;
#2084 = CARTESIAN_POINT ( 'NONE',  ( -2.889999999999999680, -1.880000000000000338, 7.349999999999999645 ) ) ;
#2085 = AXIS2_PLACEMENT_3D ( 'NONE', #2165, #1084, #576 ) ;
#2086 = EDGE_LOOP ( 'NONE', ( #2062, #1893, #606, #497, #1144 ) ) ;
#2087 =( NAMED_UNIT ( * ) SI_UNIT ( $, .STERADIAN. ) SOLID_ANGLE_UNIT ( ) );
#2088 = SURFACE_STYLE_USAGE ( .BOTH. , #842 ) ;
#2089 = VERTEX_POINT ( 'NONE', #1491 ) ;
#2090 = CARTESIAN_POINT ( 'NONE',  ( -2.889999999999999680, 2.594025392345131626E-16, 7.349999999999999645 ) ) ;
#2091 = CARTESIAN_POINT ( 'NONE',  ( 2.889999999999999680, 2.586369445532682231E-16, 1.725813553570450409 ) ) ;
#2092 = SURFACE_STYLE_USAGE ( .BOTH. , #465 ) ;
#2093 = DIRECTION ( 'NONE',  ( 1.000000000000000000, 0.000000000000000000, 0.000000000000000000 ) ) ;
#2094 = SURFACE_STYLE_FILL_AREA ( #1921 ) ;
#2095 = VERTEX_POINT ( 'NONE', #2179 ) ;
#2096 = ORIENTED_EDGE ( 'NONE', *, *, #819, .T. ) ;
#2097 = AXIS2_PLACEMENT_3D ( 'NONE', #253, #1980, #231 ) ;
#2098 = EDGE_CURVE ( 'NONE', #1302, #1855, #897, .T. ) ;
#2099 = DIRECTION ( 'NONE',  ( 0.000000000000000000, 0.000000000000000000, -1.000000000000000000 ) ) ;
#2100 = AXIS2_PLACEMENT_3D ( 'NONE', #332, #680, #1233 ) ;
#2101 = CARTESIAN_POINT ( 'NONE',  ( 4.169999999999999929, -1.880000000000000338, 5.730000000000000426 ) ) ;
#2102 = DIRECTION ( 'NONE',  ( -0.000000000000000000, 1.000000000000000000, -0.000000000000000000 ) ) ;
#2103 = VECTOR ( 'NONE', #1884, 1000.000000000000000 ) ;
#2104 = DIRECTION ( 'NONE',  ( 0.000000000000000000, -1.000000000000000000, 3.011672701348623483E-16 ) ) ;
#2105 = CARTESIAN_POINT ( 'NONE',  ( 4.769999999999999574, 0.000000000000000000, 4.330000000000000071 ) ) ;
#2106 = ORIENTED_EDGE ( 'NONE', *, *, #1374, .T. ) ;
#2107 = DIRECTION ( 'NONE',  ( 1.000000000000000000, 0.000000000000000000, 0.000000000000000000 ) ) ;
#2108 = ORIENTED_EDGE ( 'NONE', *, *, #362, .T. ) ;
#2109 = DIRECTION ( 'NONE',  ( 0.000000000000000000, 0.000000000000000000, 1.000000000000000000 ) ) ;
#2110 = DIRECTION ( 'NONE',  ( 1.000000000000000000, -0.000000000000000000, -0.000000000000000000 ) ) ;
#2111 =( NAMED_UNIT ( * ) PLANE_ANGLE_UNIT ( ) SI_UNIT ( $, .RADIAN. ) );
#2112 = PRESENTATION_STYLE_ASSIGNMENT (( #1611 ) ) ;
#2113 = CARTESIAN_POINT ( 'NONE',  ( -4.769999999999999574, -2.030000000000000249, 0.8500000000000003109 ) ) ;
#2114 = CIRCLE ( 'NONE', #1506, 0.8500000000000004219 ) ;
#2115 = LINE ( 'NONE', #1767, #1094 ) ;
#2116 =( GEOMETRIC_REPRESENTATION_CONTEXT ( 3 ) GLOBAL_UNCERTAINTY_ASSIGNED_CONTEXT ( ( #1213 ) ) GLOBAL_UNIT_ASSIGNED_CONTEXT ( ( #303, #2246, #1585 ) ) REPRESENTATION_CONTEXT ( 'NONE', 'WORKASPACE' ) );
#2117 = EDGE_CURVE ( 'NONE', #635, #2200, #2114, .T. ) ;
#2118 = AXIS2_PLACEMENT_3D ( 'NONE', #47, #714, #2131 ) ;
#2119 = VERTEX_POINT ( 'NONE', #1511 ) ;
#2120 = PRESENTATION_STYLE_ASSIGNMENT (( #1268 ) ) ;
#2121 = CYLINDRICAL_SURFACE ( 'NONE', #1407, 1.880000000000000115 ) ;
#2122 = AXIS2_PLACEMENT_3D ( 'NONE', #1749, #665, #1550 ) ;
#2123 = DIRECTION ( 'NONE',  ( -1.000000000000000000, -0.000000000000000000, -0.000000000000000000 ) ) ;
#2124 = LINE ( 'NONE', #1787, #623 ) ;
#2125 = CARTESIAN_POINT ( 'NONE',  ( -2.889999999999999680, 2.594025392345131626E-16, 7.349999999999999645 ) ) ;
#2126 = SURFACE_STYLE_USAGE ( .BOTH. , #1427 ) ;
#2127 =( NAMED_UNIT ( * ) PLANE_ANGLE_UNIT ( ) SI_UNIT ( $, .RADIAN. ) );
#2128 =( GEOMETRIC_REPRESENTATION_CONTEXT ( 3 ) GLOBAL_UNCERTAINTY_ASSIGNED_CONTEXT ( ( #1968 ) ) GLOBAL_UNIT_ASSIGNED_CONTEXT ( ( #546, #2006, #1126 ) ) REPRESENTATION_CONTEXT ( 'NONE', 'WORKASPACE' ) );
#2129 = ORIENTED_EDGE ( 'NONE', *, *, #64, .F. ) ;
#2130 = SURFACE_STYLE_FILL_AREA ( #1462 ) ;
#2131 = DIRECTION ( 'NONE',  ( 1.000000000000000000, 0.000000000000000000, 0.000000000000000000 ) ) ;
#2132 = FACE_OUTER_BOUND ( 'NONE', #2086, .T. ) ;
#2133 = EDGE_LOOP ( 'NONE', ( #1716, #997 ) ) ;
#2134 =( GEOMETRIC_REPRESENTATION_CONTEXT ( 3 ) GLOBAL_UNCERTAINTY_ASSIGNED_CONTEXT ( ( #500 ) ) GLOBAL_UNIT_ASSIGNED_CONTEXT ( ( #1545, #479, #1391 ) ) REPRESENTATION_CONTEXT ( 'NONE', 'WORKASPACE' ) );
#2135 = DIRECTION ( 'NONE',  ( 1.000000000000000000, 0.000000000000000000, -0.000000000000000000 ) ) ;
#2136 = CARTESIAN_POINT ( 'NONE',  ( 4.169999999999999929, -2.180000000000000604, 5.730000000000000426 ) ) ;
#2137 = SURFACE_SIDE_STYLE ('',( #901 ) ) ;
#2138 = AXIS2_PLACEMENT_3D ( 'NONE', #1219, #1754, #2135 ) ;
#2139 = DIRECTION ( 'NONE',  ( 0.000000000000000000, 1.000000000000000000, -3.460219699421822053E-16 ) ) ;
#2140 = CARTESIAN_POINT ( 'NONE',  ( 2.889999999999999236, -1.880000000000000115, 4.330000000000000071 ) ) ;
#2141 = CARTESIAN_POINT ( 'NONE',  ( -2.890000000000000124, -2.580000000000000515, 1.320000000000000062 ) ) ;
#2142 = STYLED_ITEM ( 'NONE', ( #1805 ), #593 ) ;
#2143 = VECTOR ( 'NONE', #653, 1000.000000000000000 ) ;
#2144 = VERTEX_POINT ( 'NONE', #2198 ) ;
#2145 = CARTESIAN_POINT ( 'NONE',  ( 4.169999999999999929, 0.000000000000000000, 4.330000000000000071 ) ) ;
#2146 = ORIENTED_EDGE ( 'NONE', *, *, #1487, .F. ) ;
#2147 = MECHANICAL_DESIGN_GEOMETRIC_PRESENTATION_REPRESENTATION (  '', ( #2250 ), #1904 ) ;
#2148 = SURFACE_SIDE_STYLE ('',( #1815 ) ) ;
#2149 =( LENGTH_UNIT ( ) NAMED_UNIT ( * ) SI_UNIT ( .MILLI., .METRE. ) );
#2150 = CARTESIAN_POINT ( 'NONE',  ( -2.889999999999999680, 2.594025392345131626E-16, 5.729999999999999538 ) ) ;
#2151 = CARTESIAN_POINT ( 'NONE',  ( -2.889999999999999680, 2.594025392345131626E-16, 4.330000000000000071 ) ) ;
#2152 = PRESENTATION_LAYER_ASSIGNMENT (  '', '', ( #862 ) ) ;
#2153 = ORIENTED_EDGE ( 'NONE', *, *, #405, .T. ) ;
#2154 = CARTESIAN_POINT ( 'NONE',  ( 4.769999999999999574, 0.000000000000000000, 1.699999999999999956 ) ) ;
#2155 = AXIS2_PLACEMENT_3D ( 'NONE', #628, #1556, #1393 ) ;
#2156 = PRESENTATION_LAYER_ASSIGNMENT (  '', '', ( #2258 ) ) ;
#2157 = VECTOR ( 'NONE', #1295, 1000.000000000000000 ) ;
#2158 = PRESENTATION_LAYER_ASSIGNMENT (  '', '', ( #871 ) ) ;
#2159 = DIRECTION ( 'NONE',  ( 0.000000000000000000, 0.000000000000000000, 1.000000000000000000 ) ) ;
#2160 = FILL_AREA_STYLE ('',( #942 ) ) ;
#2161 = SURFACE_STYLE_FILL_AREA ( #723 ) ;
#2162 = SURFACE_SIDE_STYLE ('',( #2021 ) ) ;
#2163 = VERTEX_POINT ( 'NONE', #1879 ) ;
#2164 = LINE ( 'NONE', #27, #637 ) ;
#2165 = CARTESIAN_POINT ( 'NONE',  ( -4.769999999999999574, 0.000000000000000000, 0.000000000000000000 ) ) ;
#2166 = CIRCLE ( 'NONE', #356, 1.279999999999999361 ) ;
#2167 = CARTESIAN_POINT ( 'NONE',  ( 4.169999999999999929, 0.000000000000000000, 1.699999999999999956 ) ) ;
#2168 = ORIENTED_EDGE ( 'NONE', *, *, #1158, .T. ) ;
#2169 = EDGE_CURVE ( 'NONE', #1216, #428, #591, .T. ) ;
#2170 = ADVANCED_FACE ( 'NONE', ( #841 ), #1059, .T. ) ;
#2171 = EDGE_CURVE ( 'NONE', #1855, #815, #1124, .T. ) ;
#2172 = SURFACE_STYLE_USAGE ( .BOTH. , #1485 ) ;
#2173 =( NAMED_UNIT ( * ) PLANE_ANGLE_UNIT ( ) SI_UNIT ( $, .RADIAN. ) );
#2174 = VECTOR ( 'NONE', #390, 1000.000000000000000 ) ;
#2175 = PRESENTATION_LAYER_ASSIGNMENT (  '', '', ( #543 ) ) ;
#2176 =( NAMED_UNIT ( * ) PLANE_ANGLE_UNIT ( ) SI_UNIT ( $, .RADIAN. ) );
#2177 = STYLED_ITEM ( 'NONE', ( #1498 ), #711 ) ;
#2178 = ORIENTED_EDGE ( 'NONE', *, *, #2008, .F. ) ;
#2179 = CARTESIAN_POINT ( 'NONE',  ( -4.769999999999999574, -2.029999999999999805, 1.700000000000000622 ) ) ;
#2180 = DIRECTION ( 'NONE',  ( -0.000000000000000000, -0.000000000000000000, -1.000000000000000000 ) ) ;
#2181 = ORIENTED_EDGE ( 'NONE', *, *, #1937, .T. ) ;
#2182 =( NAMED_UNIT ( * ) SI_UNIT ( $, .STERADIAN. ) SOLID_ANGLE_UNIT ( ) );
#2183 = DIRECTION ( 'NONE',  ( -1.000000000000000000, 0.000000000000000000, 0.000000000000000000 ) ) ;
#2184 = DIRECTION ( 'NONE',  ( 0.000000000000000000, 1.000000000000000000, 0.000000000000000000 ) ) ;
#2185 = ORIENTED_EDGE ( 'NONE', *, *, #1374, .F. ) ;
#2186 = LINE ( 'NONE', #782, #1170 ) ;
#2187 =( GEOMETRIC_REPRESENTATION_CONTEXT ( 3 ) GLOBAL_UNCERTAINTY_ASSIGNED_CONTEXT ( ( #589 ) ) GLOBAL_UNIT_ASSIGNED_CONTEXT ( ( #919, #742, #949 ) ) REPRESENTATION_CONTEXT ( 'NONE', 'WORKASPACE' ) );
#2188 = EDGE_CURVE ( 'NONE', #418, #1738, #1794, .T. ) ;
#2189 = DIRECTION ( 'NONE',  ( -0.000000000000000000, -0.000000000000000000, -1.000000000000000000 ) ) ;
#2190 =( NAMED_UNIT ( * ) SI_UNIT ( $, .STERADIAN. ) SOLID_ANGLE_UNIT ( ) );
#2191 = EDGE_LOOP ( 'NONE', ( #222, #373, #1725, #2043 ) ) ;
#2192 = UNCERTAINTY_MEASURE_WITH_UNIT (LENGTH_MEASURE( 1.000000000000000082E-05 ), #987, 'distance_accuracy_value', 'NONE');
#2193 = FILL_AREA_STYLE ('',( #1328 ) ) ;
#2194 = AXIS2_PLACEMENT_3D ( 'NONE', #992, #2180, #2013 ) ;
#2195 = CARTESIAN_POINT ( 'NONE',  ( 2.889999999999999236, -1.279999999999999138, 7.349999999999999645 ) ) ;
#2196 = DIRECTION ( 'NONE',  ( -0.000000000000000000, -0.000000000000000000, 1.000000000000000000 ) ) ;
#2197 = ORIENTED_EDGE ( 'NONE', *, *, #1370, .F. ) ;
#2198 = CARTESIAN_POINT ( 'NONE',  ( 2.889999999999999680, 1.880000000000000338, 7.349999999999999645 ) ) ;
#2199 = CARTESIAN_POINT ( 'NONE',  ( 4.169999999999999929, 0.8686815542763590692, 1.725813553570450631 ) ) ;
#2200 = VERTEX_POINT ( 'NONE', #235 ) ;
#2201 = DIRECTION ( 'NONE',  ( 0.000000000000000000, 0.000000000000000000, 1.000000000000000000 ) ) ;
#2202 = PRESENTATION_STYLE_ASSIGNMENT (( #105 ) ) ;
#2203 = EDGE_CURVE ( 'NONE', #905, #894, #371, .T. ) ;
#2204 = FACE_BOUND ( 'NONE', #1072, .T. ) ;
#2205 =( LENGTH_UNIT ( ) NAMED_UNIT ( * ) SI_UNIT ( .MILLI., .METRE. ) );
#2206 = COLOUR_RGB ( '',0.8980392156862745390, 0.9176470588235293713, 0.9294117647058823817 ) ;
#2207 = DIRECTION ( 'NONE',  ( -1.694065894508599692E-16, 0.000000000000000000, 1.000000000000000000 ) ) ;
#2208 = PLANE ( 'NONE',  #490 ) ;
#2209 = ORIENTED_EDGE ( 'NONE', *, *, #61, .F. ) ;
#2210 = FILL_AREA_STYLE ('',( #985 ) ) ;
#2211 = AXIS2_PLACEMENT_3D ( 'NONE', #2245, #1392, #898 ) ;
#2212 =( NAMED_UNIT ( * ) SI_UNIT ( $, .STERADIAN. ) SOLID_ANGLE_UNIT ( ) );
#2213 = EDGE_CURVE ( 'NONE', #165, #282, #1395, .T. ) ;
#2214 = CYLINDRICAL_SURFACE ( 'NONE', #2155, 0.2500000000000002220 ) ;
#2215 = DIRECTION ( 'NONE',  ( -0.000000000000000000, -0.000000000000000000, -1.000000000000000000 ) ) ;
#2216 = MECHANICAL_DESIGN_GEOMETRIC_PRESENTATION_REPRESENTATION (  '', ( #1935 ), #1432 ) ;
#2217 = ORIENTED_EDGE ( 'NONE', *, *, #420, .F. ) ;
#2218 = DIRECTION ( 'NONE',  ( -0.000000000000000000, 1.000000000000000000, -0.000000000000000000 ) ) ;
#2219 = CARTESIAN_POINT ( 'NONE',  ( -4.769999999999999574, 2.594025392345131626E-16, 7.349999999999999645 ) ) ;
#2220 = ORIENTED_EDGE ( 'NONE', *, *, #1063, .T. ) ;
#2221 =( LENGTH_UNIT ( ) NAMED_UNIT ( * ) SI_UNIT ( .MILLI., .METRE. ) );
#2222 = EDGE_LOOP ( 'NONE', ( #2248, #276, #2002 ) ) ;
#2223 = VECTOR ( 'NONE', #2051, 1000.000000000000000 ) ;
#2224 = CIRCLE ( 'NONE', #1127, 0.1500000000000003830 ) ;
#2225 = SURFACE_SIDE_STYLE ('',( #808 ) ) ;
#2226 = LINE ( 'NONE', #834, #403 ) ;
#2227 = MECHANICAL_DESIGN_GEOMETRIC_PRESENTATION_REPRESENTATION (  '', ( #1132 ), #139 ) ;
#2228 = SURFACE_STYLE_FILL_AREA ( #1536 ) ;
#2229 = CARTESIAN_POINT ( 'NONE',  ( -4.769999999999999574, -2.180000000000000604, 5.029999999999999361 ) ) ;
#2230 = VERTEX_POINT ( 'NONE', #571 ) ;
#2231 = ADVANCED_FACE ( 'NONE', ( #32 ), #1996, .T. ) ;
#2232 = ORIENTED_EDGE ( 'NONE', *, *, #335, .T. ) ;
#2233 = UNCERTAINTY_MEASURE_WITH_UNIT (LENGTH_MEASURE( 1.000000000000000082E-05 ), #1801, 'distance_accuracy_value', 'NONE');
#2234 = SURFACE_STYLE_FILL_AREA ( #1188 ) ;
#2235 = ADVANCED_FACE ( 'NONE', ( #1081 ), #1116, .T. ) ;
#2236 = MECHANICAL_DESIGN_GEOMETRIC_PRESENTATION_REPRESENTATION (  '', ( #648 ), #1451 ) ;
#2237 = ADVANCED_FACE ( 'NONE', ( #1262 ), #580, .T. ) ;
#2238 = FILL_AREA_STYLE_COLOUR ( '', #564 ) ;
#2239 = VECTOR ( 'NONE', #1481, 1000.000000000000000 ) ;
#2240 = EDGE_LOOP ( 'NONE', ( #233, #756 ) ) ;
#2241 = ORIENTED_EDGE ( 'NONE', *, *, #1472, .T. ) ;
#2242 =( GEOMETRIC_REPRESENTATION_CONTEXT ( 3 ) GLOBAL_UNCERTAINTY_ASSIGNED_CONTEXT ( ( #998 ) ) GLOBAL_UNIT_ASSIGNED_CONTEXT ( ( #1929, #2111, #1597 ) ) REPRESENTATION_CONTEXT ( 'NONE', 'WORKASPACE' ) );
#2243 = FACE_OUTER_BOUND ( 'NONE', #669, .T. ) ;
#2244 = COLOUR_RGB ( '',0.8980392156862745390, 0.9176470588235293713, 0.9294117647058823817 ) ;
#2245 = CARTESIAN_POINT ( 'NONE',  ( -4.169999999999999929, 0.000000000000000000, 0.000000000000000000 ) ) ;
#2246 =( NAMED_UNIT ( * ) PLANE_ANGLE_UNIT ( ) SI_UNIT ( $, .RADIAN. ) );
#2247 = PRESENTATION_STYLE_ASSIGNMENT (( #1012 ) ) ;
#2248 = ORIENTED_EDGE ( 'NONE', *, *, #405, .F. ) ;
#2249 = FILL_AREA_STYLE_COLOUR ( '', #2260 ) ;
#2250 = STYLED_ITEM ( 'NONE', ( #1592 ), #9 ) ;
#2251 = VERTEX_POINT ( 'NONE', #1363 ) ;
#2252 = DIRECTION ( 'NONE',  ( -0.000000000000000000, -0.000000000000000000, -1.000000000000000000 ) ) ;
#2253 = EDGE_CURVE ( 'NONE', #484, #760, #588, .T. ) ;
#2254 = VERTEX_POINT ( 'NONE', #1577 ) ;
#2255 = CARTESIAN_POINT ( 'NONE',  ( -2.890000000000000124, -2.680000000000000604, 1.220000000000000195 ) ) ;
#2256 =( GEOMETRIC_REPRESENTATION_CONTEXT ( 3 ) GLOBAL_UNCERTAINTY_ASSIGNED_CONTEXT ( ( #833 ) ) GLOBAL_UNIT_ASSIGNED_CONTEXT ( ( #903, #2127, #392 ) ) REPRESENTATION_CONTEXT ( 'NONE', 'WORKASPACE' ) );
#2257 = VECTOR ( 'NONE', #437, 1000.000000000000000 ) ;
#2258 = STYLED_ITEM ( 'NONE', ( #361 ), #1440 ) ;
#2259 = STYLED_ITEM ( 'NONE', ( #2202 ), #297 ) ;
#2260 = COLOUR_RGB ( '',0.8980392156862745390, 0.9176470588235293713, 0.9294117647058823817 ) ;
#2261 = FACE_OUTER_BOUND ( 'NONE', #1310, .T. ) ;
#2262 = CARTESIAN_POINT ( 'NONE',  ( 4.169999999999999929, 2.571758278209441957E-16, 5.729999999999999538 ) ) ;
#2263 = VERTEX_POINT ( 'NONE', #2019 ) ;
#2264 = CARTESIAN_POINT ( 'NONE',  ( 4.169999999999999929, 0.8686815542763590692, 1.725813553570450631 ) ) ;
#2265 = VERTEX_POINT ( 'NONE', #603 ) ;
#2266 = CARTESIAN_POINT ( 'NONE',  ( 4.769999999999999574, -2.030000000000000249, 0.8500000000000003109 ) ) ;
#2267 = DIRECTION ( 'NONE',  ( -1.000000000000000000, 0.000000000000000000, 0.000000000000000000 ) ) ;
#2268 = CARTESIAN_POINT ( 'NONE',  ( -4.169999999999999929, -1.880000000000000338, 5.729999999999999538 ) ) ;
#2269 = FACE_OUTER_BOUND ( 'NONE', #164, .T. ) ;
#2270 =( NAMED_UNIT ( * ) SI_UNIT ( $, .STERADIAN. ) SOLID_ANGLE_UNIT ( ) );
#2271 = CARTESIAN_POINT ( 'NONE',  ( 4.169999999999999929, -1.880000000000000338, 1.725813553570450631 ) ) ;
#2272 = ADVANCED_FACE ( 'NONE', ( #956 ), #255, .T. ) ;
#2273 = DIRECTION ( 'NONE',  ( 0.000000000000000000, 0.000000000000000000, -1.000000000000000000 ) ) ;
ENDSEC;
END-ISO-10303-21;
